Asset_Num;Endpoint Type;Host ID;Host Name;ID;OS Version;Sensor ID;Sensor Tenant;Sensor Version;osFamily;osRelease;systemType;status;osDistributor
1;ENDPOINT_REDCLOAK;47bcd27890719e04dc6c13dd0ac3eb45;ServerMormaii;dae06d7a-b669-4b4c-b543-6a3f72af2a3e;VERSION_SERVER_2019;47bcd27890719e04dc6c13dd0ac3eb45;47bcd278;2.8.5.0;WINDOWS;0.0;NT_SERVER;Active;Microsoft
2;ENDPOINT_REDCLOAK;47bcd278210654ed1773e0b9737880eb;server-iis;935c27d8-6b51-4db8-a68f-b6e54052ad92;VERSION_SERVER_2012_R2;47bcd278210654ed1773e0b9737880eb;47bcd278;2.8.5.0;WINDOWS;0.0;NT_SERVER;Active;Microsoft
3;ENDPOINT_REDCLOAK;47bcd278960e39bd14d77f3ef4555719;SRVDW-HML;d5424da5-b329-4389-aea8-48169cafb188;VERSION_SERVER_2019;47bcd278960e39bd14d77f3ef4555719;47bcd278;2.8.5.0;WINDOWS;0.0;NT_SERVER;Active;Microsoft
4;ENDPOINT_REDCLOAK;47bcd278fe126d800a589c9be7e246a3;qlik;5873f83e-074c-44b7-92cb-5c14d9467595;VERSION_SERVER_2012;47bcd278fe126d800a589c9be7e246a3;47bcd278;2.8.5.0;WINDOWS;0.0;NT_SERVER;Active;Microsoft
5;ENDPOINT_REDCLOAK;47bcd278a1e4687a64f087932470427d;sondadc;1bddea27-0958-4a04-b0f7-73c84071fa82;VERSION_SERVER_2019;47bcd278a1e4687a64f087932470427d;47bcd278;2.8.5.0;WINDOWS;0.0;NT_SERVER;Active;Microsoft
6;ENDPOINT_REDCLOAK;47bcd2786c0fa3acf711d9d160840a23;storagecriacao;f054cb24-149a-439d-b524-06086c9bd389;VERSION_SERVER_2012_R2;47bcd2786c0fa3acf711d9d160840a23;47bcd278;2.8.5.0;WINDOWS;0.0;NT_SERVER;Active;Microsoft
7;ENDPOINT_REDCLOAK;47bcd2781be787aeb9ba23585fab7a0e;OLD-serverbkp;a9660b56-842e-46fe-8067-dcc0a4fdc6db;VERSION_SERVER_2012_R2;47bcd2781be787aeb9ba23585fab7a0e;47bcd278;2.8.5.0;WINDOWS;0.0;NT_SERVER;Healthy;Microsoft
8;ENDPOINT_TAEGIS;8e5878e9-b879-5fa4-8a2f-7f3b18d67f97;PATRICIACASTRO;8e5878e9-b879-5fa4-8a2f-7f3b18d67f97;10.0.26100;8e5878e9-b879-5fa4-8a2f-7f3b18d67f97;142779;2.2.22;WINDOWS;0.0;NT_WORKSTATION;Healthy;Microsoft
9;ENDPOINT_REDCLOAK;47bcd27883933c8febaa59a15935e78a;LUCIANADASILVA;ba6d33e4-65a9-4bcc-b621-c9a3a71b89f9;VERSION_WIN10;47bcd27883933c8febaa59a15935e78a;47bcd278;2.8.5.0;WINDOWS;0.0;NT_WORKSTATION;Healthy;Microsoft
10;ENDPOINT_REDCLOAK;47bcd278427c90eee437d405de4676e0;DIEGOJUNIOR;6fe8662b-bcb6-480b-990b-31092a8d53b4;VERSION_WIN10;47bcd278427c90eee437d405de4676e0;47bcd278;2.8.5.0;WINDOWS;0.0;NT_WORKSTATION;Healthy;Microsoft
11;ENDPOINT_REDCLOAK;47bcd278da54b80f5335c7513751a924;LEONARDOFREIRE;7351eb3b-71db-47ce-bacd-d38453391bcf;VERSION_WIN10;47bcd278da54b80f5335c7513751a924;47bcd278;2.8.5.0;WINDOWS;0.0;NT_WORKSTATION;Healthy;Microsoft
12;ENDPOINT_TAEGIS;062848e7-82ed-5606-9181-148daeeebe45;TECH001;062848e7-82ed-5606-9181-148daeeebe45;10.0.26100;062848e7-82ed-5606-9181-148daeeebe45;142779;2.2.22;WINDOWS;0.0;NT_WORKSTATION;Healthy;Microsoft
13;ENDPOINT_TAEGIS;74b9609c-ee39-5eb3-aac0-7ad3e7e49e58;ROBSON;74b9609c-ee39-5eb3-aac0-7ad3e7e49e58;10.0.26100;74b9609c-ee39-5eb3-aac0-7ad3e7e49e58;142779;2.2.22;WINDOWS;0.0;NT_WORKSTATION;Healthy;Microsoft
14;ENDPOINT_REDCLOAK;47bcd278e32fe3169313e5a9d0f3613f;HELIONOTE;914cbec7-c1a8-4b01-9b00-a4f0881770c0;VERSION_WIN10;47bcd278e32fe3169313e5a9d0f3613f;47bcd278;2.8.5.0;WINDOWS;0.0;NT_WORKSTATION;Healthy;Microsoft
15;ENDPOINT_REDCLOAK;47bcd278aad1a201105142577a65ea4a;TECH064;6e01c109-a918-4557-aa69-1bd1cd3fd20d;VERSION_WIN10;47bcd278aad1a201105142577a65ea4a;47bcd278;2.8.5.0;WINDOWS;0.0;NT_WORKSTATION;Healthy;Microsoft
16;ENDPOINT_REDCLOAK;47bcd2787a4d6e75741cbd773f3d76c2;STEPHANEPONTE;e0fb0a9f-dc8e-45d7-bba5-f5d551269272;VERSION_WIN10;47bcd2787a4d6e75741cbd773f3d76c2;47bcd278;2.8.5.0;WINDOWS;0.0;NT_WORKSTATION;Healthy;Microsoft
17;ENDPOINT_TAEGIS;cf651c94-5b37-5d20-96cf-f0577a6628b9;VICTOR-859;cf651c94-5b37-5d20-96cf-f0577a6628b9;10.0.26100;cf651c94-5b37-5d20-96cf-f0577a6628b9;142779;2.2.22;WINDOWS;0.0;NT_WORKSTATION;Healthy;Microsoft
18;ENDPOINT_REDCLOAK;47bcd278f2c7054f61ed1cad7a2b762e;FABIO;b3d5481a-2e73-40b0-91f5-dc9f3e7e8e77;VERSION_WIN10;47bcd278f2c7054f61ed1cad7a2b762e;47bcd278;2.8.5.0;WINDOWS;0.0;NT_WORKSTATION;Healthy;Microsoft
19;ENDPOINT_REDCLOAK;47bcd2783480ce1860963f7cf70b38ff;RODRIGOSILVA;c2edc1dd-892c-455f-9eb7-5fcfabb7b174;VERSION_WIN10;47bcd2783480ce1860963f7cf70b38ff;47bcd278;2.8.5.0;WINDOWS;0.0;NT_WORKSTATION;Healthy;Microsoft
20;ENDPOINT_TAEGIS;4084a3a6-d82e-5498-b31c-7a5b4d3b8b04;TECH321;4084a3a6-d82e-5498-b31c-7a5b4d3b8b04;10.0.26100;4084a3a6-d82e-5498-b31c-7a5b4d3b8b04;142779;2.2.22;WINDOWS;0.0;NT_WORKSTATION;Healthy;Microsoft
21;ENDPOINT_TAEGIS;63fd438e-8274-56d2-afe0-5e127d34fbf3;TECH318;63fd438e-8274-56d2-afe0-5e127d34fbf3;10.0.26100;63fd438e-8274-56d2-afe0-5e127d34fbf3;142779;2.2.22;WINDOWS;0.0;NT_WORKSTATION;Healthy;Microsoft
22;ENDPOINT_TAEGIS;feb89970-a5f1-57e4-9ff7-d378e90dc742;TECH193;feb89970-a5f1-57e4-9ff7-d378e90dc742;10.0.19045;feb89970-a5f1-57e4-9ff7-d378e90dc742;142779;2.2.22;WINDOWS;0.0;NT_WORKSTATION;Healthy;Microsoft
23;ENDPOINT_TAEGIS;c1dd5383-90e7-5c3f-9040-69a52a9df186;NILDO;c1dd5383-90e7-5c3f-9040-69a52a9df186;10.0.26100;c1dd5383-90e7-5c3f-9040-69a52a9df186;142779;2.2.22;WINDOWS;0.0;NT_WORKSTATION;Healthy;Microsoft
24;ENDPOINT_REDCLOAK;47bcd27877bc4ad2b4621b06a94c387e;RICARDOROCHA;39cb58f8-255c-427d-a39b-cf92b0ed542b;VERSION_WIN10;47bcd27877bc4ad2b4621b06a94c387e;47bcd278;2.8.5.0;WINDOWS;0.0;NT_WORKSTATION;Healthy;Microsoft
25;ENDPOINT_REDCLOAK;47bcd2782c8c86d38c419cf98a137f5e;TECH193;e26d7420-a792-4b76-b66d-34e4872e06d6;VERSION_WIN10;47bcd2782c8c86d38c419cf98a137f5e;47bcd278;2.8.5.0;WINDOWS;0.0;NT_WORKSTATION;Healthy;Microsoft
26;ENDPOINT_REDCLOAK;47bcd2780cfa6e16b70f3dc319490060;TECH335;63fc8258-10ea-4e34-a225-b846c74e6f58;VERSION_WIN10;47bcd2780cfa6e16b70f3dc319490060;47bcd278;2.8.5.0;WINDOWS;0.0;NT_WORKSTATION;Healthy;Microsoft
27;ENDPOINT_TAEGIS;8868a7bb-6c6e-53b3-a62d-97a9cd79eeca;HELIONOTE;8868a7bb-6c6e-53b3-a62d-97a9cd79eeca;10.0.22631;8868a7bb-6c6e-53b3-a62d-97a9cd79eeca;142779;2.2.22;WINDOWS;0.0;NT_WORKSTATION;Healthy;Microsoft
28;ENDPOINT_TAEGIS;48492f4e-4094-5c22-9f25-c486d67b5a52;TECH009;48492f4e-4094-5c22-9f25-c486d67b5a52;10.0.26100;48492f4e-4094-5c22-9f25-c486d67b5a52;142779;2.2.22;WINDOWS;0.0;NT_WORKSTATION;Healthy;Microsoft
29;ENDPOINT_TAEGIS;d4de1f60-94b8-538b-830a-6cc56ea56544;FLAVIAMELLO;d4de1f60-94b8-538b-830a-6cc56ea56544;10.0.26100;d4de1f60-94b8-538b-830a-6cc56ea56544;142779;2.2.22;WINDOWS;0.0;NT_WORKSTATION;Healthy;Microsoft
30;ENDPOINT_TAEGIS;2b08ecce-0b7a-58ad-81bd-45c850b12651;TECH319;2b08ecce-0b7a-58ad-81bd-45c850b12651;10.0.26100;2b08ecce-0b7a-58ad-81bd-45c850b12651;142779;2.2.22;WINDOWS;0.0;NT_WORKSTATION;Healthy;Microsoft
31;ENDPOINT_TAEGIS;b93acfcc-1798-5391-9ae2-96d544104f6f;WAGNER;b93acfcc-1798-5391-9ae2-96d544104f6f;10.0.26100;b93acfcc-1798-5391-9ae2-96d544104f6f;142779;2.2.22;WINDOWS;0.0;NT_WORKSTATION;Healthy;Microsoft
32;ENDPOINT_TAEGIS;15c0a8bb-53b5-559f-a7a5-5312cf3ffe9f;LAURAGORETTI;15c0a8bb-53b5-559f-a7a5-5312cf3ffe9f;10.0.26100;15c0a8bb-53b5-559f-a7a5-5312cf3ffe9f;142779;2.2.22;WINDOWS;0.0;NT_WORKSTATION;Active;Microsoft
33;ENDPOINT_TAEGIS;acfefc19-7905-5180-93ff-d3244cc4873c;LUCIANADASILVA;acfefc19-7905-5180-93ff-d3244cc4873c;10.0.26100;acfefc19-7905-5180-93ff-d3244cc4873c;142779;2.2.22;WINDOWS;0.0;NT_WORKSTATION;Healthy;Microsoft
34;ENDPOINT_TAEGIS;b201315e-e059-51de-8c30-7249d4d6c8d7;JOAQUIM;b201315e-e059-51de-8c30-7249d4d6c8d7;10.0.26100;b201315e-e059-51de-8c30-7249d4d6c8d7;142779;2.2.22;WINDOWS;0.0;NT_WORKSTATION;Healthy;Microsoft
35;ENDPOINT_TAEGIS;70d8a24d-b22d-501b-abbc-b3438ae380f6;FABIANASANTOS;70d8a24d-b22d-501b-abbc-b3438ae380f6;10.0.26100;70d8a24d-b22d-501b-abbc-b3438ae380f6;142779;2.2.22;WINDOWS;0.0;NT_WORKSTATION;Healthy;Microsoft
36;ENDPOINT_TAEGIS;a6974fc2-6867-5077-a422-b8c666cc11b6;TECH082;a6974fc2-6867-5077-a422-b8c666cc11b6;10.0.26100;a6974fc2-6867-5077-a422-b8c666cc11b6;142779;2.2.22;WINDOWS;0.0;NT_WORKSTATION;Healthy;Microsoft
37;ENDPOINT_TAEGIS;b93437ef-add6-503e-8bd4-f0f885469ba2;TECH003;b93437ef-add6-503e-8bd4-f0f885469ba2;10.0.26100;b93437ef-add6-503e-8bd4-f0f885469ba2;142779;2.2.22;WINDOWS;0.0;NT_WORKSTATION;Healthy;Microsoft
38;ENDPOINT_TAEGIS;784a3112-7968-5286-8383-381f2bf1efbc;TECH118;784a3112-7968-5286-8383-381f2bf1efbc;10.0.26100;784a3112-7968-5286-8383-381f2bf1efbc;142779;2.2.22;WINDOWS;0.0;NT_WORKSTATION;Healthy;Microsoft
39;ENDPOINT_TAEGIS;291b60e9-8f34-5d19-ba69-3ad8471cc214;DIEGOJUNIOR;291b60e9-8f34-5d19-ba69-3ad8471cc214;10.0.26100;291b60e9-8f34-5d19-ba69-3ad8471cc214;142779;2.2.22;WINDOWS;0.0;NT_WORKSTATION;Healthy;Microsoft
40;ENDPOINT_TAEGIS;1f567106-304c-55f2-b18a-83f35cb703ed;BRENDA;1f567106-304c-55f2-b18a-83f35cb703ed;10.0.22631;1f567106-304c-55f2-b18a-83f35cb703ed;142779;2.2.22;WINDOWS;0.0;NT_WORKSTATION;Healthy;Microsoft
41;ENDPOINT_TAEGIS;07cc1cb1-ac87-512c-89f8-44bf6ca6399f;RENANPARUCKER;07cc1cb1-ac87-512c-89f8-44bf6ca6399f;10.0.26100;07cc1cb1-ac87-512c-89f8-44bf6ca6399f;142779;2.2.22;WINDOWS;0.0;NT_WORKSTATION;Healthy;Microsoft
42;ENDPOINT_TAEGIS;252a950d-d58d-5e5e-af51-ee686fe44780;RODRIGOSILVA;252a950d-d58d-5e5e-af51-ee686fe44780;10.0.26100;252a950d-d58d-5e5e-af51-ee686fe44780;142779;2.2.22;WINDOWS;0.0;NT_WORKSTATION;Healthy;Microsoft
43;ENDPOINT_TAEGIS;af767aea-1fdc-5c30-940b-b39db7f3b52d;TECH080;af767aea-1fdc-5c30-940b-b39db7f3b52d;10.0.26100;af767aea-1fdc-5c30-940b-b39db7f3b52d;142779;2.2.22;WINDOWS;0.0;NT_WORKSTATION;Healthy;Microsoft
44;ENDPOINT_TAEGIS;f96f21c0-31c4-5fcc-a04e-f6570ee11b58;TECH005;f96f21c0-31c4-5fcc-a04e-f6570ee11b58;10.0.26100;f96f21c0-31c4-5fcc-a04e-f6570ee11b58;142779;2.2.22;WINDOWS;0.0;NT_WORKSTATION;Healthy;Microsoft
45;ENDPOINT_TAEGIS;b0cb95a6-f9b0-528f-8013-a11c19a1fe9a;TECH012;b0cb95a6-f9b0-528f-8013-a11c19a1fe9a;10.0.26100;b0cb95a6-f9b0-528f-8013-a11c19a1fe9a;142779;2.2.22;WINDOWS;0.0;NT_WORKSTATION;Healthy;Microsoft
46;ENDPOINT_TAEGIS;54a2079b-74d6-5160-8463-28d6301c39c5;TECH164;54a2079b-74d6-5160-8463-28d6301c39c5;10.0.26100;54a2079b-74d6-5160-8463-28d6301c39c5;142779;2.2.22;WINDOWS;0.0;NT_WORKSTATION;Healthy;Microsoft
47;ENDPOINT_TAEGIS;8abd964d-5a70-5703-a361-0d4741dad9ab;JULIANALEAL;8abd964d-5a70-5703-a361-0d4741dad9ab;10.0.26100;8abd964d-5a70-5703-a361-0d4741dad9ab;142779;2.2.22;WINDOWS;0.0;NT_WORKSTATION;Healthy;Microsoft
48;ENDPOINT_TAEGIS;3c40f93a-aa85-586e-817f-370e4728f6ab;TECH081;3c40f93a-aa85-586e-817f-370e4728f6ab;10.0.19045;3c40f93a-aa85-586e-817f-370e4728f6ab;142779;2.2.22;WINDOWS;0.0;NT_WORKSTATION;Healthy;Microsoft
49;ENDPOINT_TAEGIS;70c3e084-7a4a-549e-829e-9b596b3b7804;MARCELOCASTRO;70c3e084-7a4a-549e-829e-9b596b3b7804;10.0.26100;70c3e084-7a4a-549e-829e-9b596b3b7804;142779;2.2.22;WINDOWS;0.0;NT_WORKSTATION;Healthy;Microsoft
50;ENDPOINT_TAEGIS;be436def-a971-556b-9a9d-c75bfd09be87;CA-DHCP01;be436def-a971-556b-9a9d-c75bfd09be87;10.0.20348;be436def-a971-556b-9a9d-c75bfd09be87;142779;2.2.22;WINDOWS;0.0;NT_SERVER;Active;Microsoft
51;ENDPOINT_TAEGIS;4ee81dae-8f66-5dd2-a53b-ceabe543cc4f;TECH090;4ee81dae-8f66-5dd2-a53b-ceabe543cc4f;10.0.26100;4ee81dae-8f66-5dd2-a53b-ceabe543cc4f;142779;2.2.22;WINDOWS;0.0;NT_WORKSTATION;Healthy;Microsoft
52;ENDPOINT_TAEGIS;121b25bd-9c50-591b-b3d8-321aafb3b574;TECH104;121b25bd-9c50-591b-b3d8-321aafb3b574;10.0.26100;121b25bd-9c50-591b-b3d8-321aafb3b574;142779;2.2.22;WINDOWS;0.0;NT_WORKSTATION;Healthy;Microsoft
53;ENDPOINT_TAEGIS;0e383fe5-c245-5f7e-8761-bccfc44ab326;TECH132;0e383fe5-c245-5f7e-8761-bccfc44ab326;10.0.26100;0e383fe5-c245-5f7e-8761-bccfc44ab326;142779;2.2.22;WINDOWS;0.0;NT_WORKSTATION;Healthy;Microsoft
54;ENDPOINT_TAEGIS;5adadcdb-68a2-5654-a769-d19fc2a03204;TECH222;5adadcdb-68a2-5654-a769-d19fc2a03204;10.0.26100;5adadcdb-68a2-5654-a769-d19fc2a03204;142779;2.2.22;WINDOWS;0.0;NT_WORKSTATION;Healthy;Microsoft
55;ENDPOINT_TAEGIS;f8d9a6f5-b6ad-5c60-8d1d-a09255e606f6;TOTVS;f8d9a6f5-b6ad-5c60-8d1d-a09255e606f6;10.0.19045;f8d9a6f5-b6ad-5c60-8d1d-a09255e606f6;142779;2.2.22;WINDOWS;0.0;NT_WORKSTATION;Active;Microsoft
56;ENDPOINT_TAEGIS;2ed933d1-8543-555d-a273-b46ae2dacdc0;RAUL;2ed933d1-8543-555d-a273-b46ae2dacdc0;10.0.26100;2ed933d1-8543-555d-a273-b46ae2dacdc0;142779;2.2.22;WINDOWS;0.0;NT_WORKSTATION;Healthy;Microsoft
57;ENDPOINT_TAEGIS;bda7d988-51e1-59fe-ad28-cd669f2415f2;MAO-ADDS02;bda7d988-51e1-59fe-ad28-cd669f2415f2;10.0.20348;bda7d988-51e1-59fe-ad28-cd669f2415f2;142779;2.1.2;WINDOWS;0.0;NT_SERVER;Archived;Microsoft
58;ENDPOINT_TAEGIS;2cd00a39-ad75-5f84-b21a-3bfab4db29c7;JONATHAN;2cd00a39-ad75-5f84-b21a-3bfab4db29c7;10.0.19045;2cd00a39-ad75-5f84-b21a-3bfab4db29c7;142779;2.2.18;WINDOWS;0.0;NT_WORKSTATION;Archived;Microsoft
59;ENDPOINT_TAEGIS;a8a63b8e-01c7-508d-b9ae-b60d50b7c0db;CA-ADDS02;a8a63b8e-01c7-508d-b9ae-b60d50b7c0db;10.0.20348;a8a63b8e-01c7-508d-b9ae-b60d50b7c0db;142779;2.1.2;WINDOWS;0.0;NT_DOMAIN_CONTROLLER;Archived;Microsoft
60;ENDPOINT_REDCLOAK;47bcd27830342f61a56b81992301116b;rafabacil;a3004e9e-e7f0-4226-9569-f86955a4b1ee;VERSION_WIN10;47bcd27830342f61a56b81992301116b;47bcd278;2.8.5.0;WINDOWS;0.0;NT_WORKSTATION;Archived;Microsoft
61;ENDPOINT_REDCLOAK;47bcd278319e11f631ff749840114c2a;JONATHAN;ce4e8bc3-ede1-4f96-9bf7-9e2d4d62b508;VERSION_WIN10;47bcd278319e11f631ff749840114c2a;47bcd278;2.8.5.0;WINDOWS;0.0;NT_WORKSTATION;Archived;Microsoft
62;ENDPOINT_REDCLOAK;47bcd2784c1bbd1ce84d5c53aec63ace;DPIRES;d201f65c-37a4-4f8f-8dce-e1a33320e713;VERSION_WIN10;47bcd2784c1bbd1ce84d5c53aec63ace;47bcd278;2.8.5.0;WINDOWS;0.0;NT_WORKSTATION;Archived;Microsoft
63;ENDPOINT_REDCLOAK;47bcd2786ddfd36ba63b236938671e9a;ILEANAAFONSO;0860cedb-8480-4982-bce8-5a8e17450f7e;VERSION_WIN10;47bcd2786ddfd36ba63b236938671e9a;47bcd278;2.8.5.0;WINDOWS;0.0;NT_WORKSTATION;Archived;Microsoft
64;ENDPOINT_REDCLOAK;47bcd278c99fd0daf2cde327931d2403;RICARDOLESSA;116a1a6d-e9bb-4292-a177-f337b4b645dc;VERSION_WIN10;47bcd278c99fd0daf2cde327931d2403;47bcd278;2.8.5.0;WINDOWS;0.0;NT_WORKSTATION;Archived;Microsoft
65;ENDPOINT_TAEGIS;ce2c2199-ee26-5873-9dd3-38dee03e7304;RICARDOROCHA;ce2c2199-ee26-5873-9dd3-38dee03e7304;6.0.6000;ce2c2199-ee26-5873-9dd3-38dee03e7304;142779;1.0.26;WINDOWS;0.0;NT_WORKSTATION;Unhealthy;Microsoft
66;ENDPOINT_TAEGIS;d7120928-d815-5e3a-92e0-1e7beed4678d;WALLACE;d7120928-d815-5e3a-92e0-1e7beed4678d;10.0.26100;d7120928-d815-5e3a-92e0-1e7beed4678d;142779;2.2.22;WINDOWS;0.0;NT_WORKSTATION;Healthy;Microsoft
67;ENDPOINT_TAEGIS;083bf835-fd74-5cec-a695-66279c58163c;TECH084;083bf835-fd74-5cec-a695-66279c58163c;10.0.26100;083bf835-fd74-5cec-a695-66279c58163c;142779;2.2.22;WINDOWS;0.0;NT_WORKSTATION;Healthy;Microsoft
68;ENDPOINT_TAEGIS;86912230-6a7f-5fac-a731-b599186009b5;DANIYOUNES;86912230-6a7f-5fac-a731-b599186009b5;10.0.26100;86912230-6a7f-5fac-a731-b599186009b5;142779;2.2.22;WINDOWS;0.0;NT_WORKSTATION;Healthy;Microsoft
69;ENDPOINT_TAEGIS;b110d9a7-2acd-5cfa-9833-47c05cf4586a;TECH008;b110d9a7-2acd-5cfa-9833-47c05cf4586a;10.0.26100;b110d9a7-2acd-5cfa-9833-47c05cf4586a;142779;2.2.22;WINDOWS;0.0;NT_WORKSTATION;Healthy;Microsoft
70;ENDPOINT_TAEGIS;b74762ec-cd67-5ab2-8972-254bd6de7276;TECH033;b74762ec-cd67-5ab2-8972-254bd6de7276;10.0.26100;b74762ec-cd67-5ab2-8972-254bd6de7276;142779;2.2.22;WINDOWS;0.0;NT_WORKSTATION;Healthy;Microsoft
71;ENDPOINT_TAEGIS;ebe58185-6c20-59e3-9ceb-b1bdb0188149;MYLENERIBEIRO;ebe58185-6c20-59e3-9ceb-b1bdb0188149;10.0.26100;ebe58185-6c20-59e3-9ceb-b1bdb0188149;142779;2.2.22;WINDOWS;0.0;NT_WORKSTATION;Healthy;Microsoft
72;ENDPOINT_TAEGIS;be4ccd00-fd9e-5a20-be1d-010bae4c20de;LENIOFERREIRA;be4ccd00-fd9e-5a20-be1d-010bae4c20de;10.0.26100;be4ccd00-fd9e-5a20-be1d-010bae4c20de;142779;1.0.26;WINDOWS;0.0;NT_WORKSTATION;Archived;Microsoft
73;ENDPOINT_TAEGIS;a60abb3e-f70b-59b3-86e4-8a70f4f4a754;TECH322;a60abb3e-f70b-59b3-86e4-8a70f4f4a754;10.0.26100;a60abb3e-f70b-59b3-86e4-8a70f4f4a754;142779;2.2.22;WINDOWS;0.0;NT_WORKSTATION;Healthy;Microsoft
74;ENDPOINT_TAEGIS;47c43b9e-ccee-5165-8047-12a73a4f22cc;SERVERBKP-DC;47c43b9e-ccee-5165-8047-12a73a4f22cc;10.0.20348;47c43b9e-ccee-5165-8047-12a73a4f22cc;142779;2.2.22;WINDOWS;0.0;NT_SERVER;Active;Microsoft
75;ENDPOINT_TAEGIS;ee424343-c5c5-506a-af17-3ccb9d5b47a9;LORRAINECUNHA;ee424343-c5c5-506a-af17-3ccb9d5b47a9;10.0.26100;ee424343-c5c5-506a-af17-3ccb9d5b47a9;142779;2.2.22;WINDOWS;0.0;NT_WORKSTATION;Healthy;Microsoft
76;ENDPOINT_TAEGIS;2280fd4e-8bf3-53cf-adea-318b7042f25a;BIANCAMELO;2280fd4e-8bf3-53cf-adea-318b7042f25a;10.0.26100;2280fd4e-8bf3-53cf-adea-318b7042f25a;142779;2.2.22;WINDOWS;0.0;NT_WORKSTATION;Healthy;Microsoft
77;ENDPOINT_TAEGIS;0982d385-1ee1-5a71-9f5a-7bbfde0fc37e;TECH053;0982d385-1ee1-5a71-9f5a-7bbfde0fc37e;10.0.26100;0982d385-1ee1-5a71-9f5a-7bbfde0fc37e;142779;2.2.22;WINDOWS;0.0;NT_WORKSTATION;Healthy;Microsoft
78;ENDPOINT_TAEGIS;a49f3080-dd09-5a04-8091-b7a7bc9127ab;TECH317;a49f3080-dd09-5a04-8091-b7a7bc9127ab;10.0.26100;a49f3080-dd09-5a04-8091-b7a7bc9127ab;142779;2.2.22;WINDOWS;0.0;NT_WORKSTATION;Healthy;Microsoft
79;ENDPOINT_TAEGIS;58dfc7e7-9e52-5c0a-9431-01e6f6e76648;TECH168;58dfc7e7-9e52-5c0a-9431-01e6f6e76648;10.0.26100;58dfc7e7-9e52-5c0a-9431-01e6f6e76648;142779;2.2.22;WINDOWS;0.0;NT_WORKSTATION;Healthy;Microsoft
80;ENDPOINT_REDCLOAK;47bcd278db95d5c1a52004e27b074e2c;LUANMAIA;d5ba31d1-5751-42d3-9e39-7a71d2692a90;VERSION_WIN10;47bcd278db95d5c1a52004e27b074e2c;47bcd278;2.8.5.0;WINDOWS;0.0;NT_WORKSTATION;Healthy;Microsoft
81;ENDPOINT_TAEGIS;facde317-661f-5d12-ae57-e29423b3c1dc;TECH087;facde317-661f-5d12-ae57-e29423b3c1dc;10.0.26100;facde317-661f-5d12-ae57-e29423b3c1dc;142779;2.2.22;WINDOWS;0.0;NT_WORKSTATION;Healthy;Microsoft
82;ENDPOINT_TAEGIS;e4d1471f-43df-587a-898b-e021382f2b15;HECTORVALENTE;e4d1471f-43df-587a-898b-e021382f2b15;10.0.26100;e4d1471f-43df-587a-898b-e021382f2b15;142779;2.2.22;WINDOWS;0.0;NT_WORKSTATION;Healthy;Microsoft
83;ENDPOINT_TAEGIS;becce638-7f9c-53b5-be63-3a6c4b4db838;LUANMAIA;becce638-7f9c-53b5-be63-3a6c4b4db838;10.0.26100;becce638-7f9c-53b5-be63-3a6c4b4db838;142779;2.2.22;WINDOWS;0.0;NT_WORKSTATION;Healthy;Microsoft
84;ENDPOINT_TAEGIS;31ae826d-fcdb-5684-b4bf-6456f48f5941;TECH301;31ae826d-fcdb-5684-b4bf-6456f48f5941;10.0.26100;31ae826d-fcdb-5684-b4bf-6456f48f5941;142779;2.2.22;WINDOWS;0.0;NT_WORKSTATION;Healthy;Microsoft
85;ENDPOINT_TAEGIS;56ed6c5f-6daa-56b5-a462-1e230d138b82;TECH136;56ed6c5f-6daa-56b5-a462-1e230d138b82;10.0.26100;56ed6c5f-6daa-56b5-a462-1e230d138b82;142779;2.2.22;WINDOWS;0.0;NT_WORKSTATION;Healthy;Microsoft
86;ENDPOINT_TAEGIS;c6de45ed-e74a-5388-ab6f-ec7985720009;TECH107;c6de45ed-e74a-5388-ab6f-ec7985720009;10.0.26100;c6de45ed-e74a-5388-ab6f-ec7985720009;142779;2.2.22;WINDOWS;0.0;NT_WORKSTATION;Healthy;Microsoft
87;ENDPOINT_TAEGIS;6948272e-17cb-5535-ae0d-f0c9ba3eccf1;FAMELLI-9991;6948272e-17cb-5535-ae0d-f0c9ba3eccf1;10.0.26100;6948272e-17cb-5535-ae0d-f0c9ba3eccf1;142779;2.2.22;WINDOWS;0.0;NT_WORKSTATION;Healthy;Microsoft
88;ENDPOINT_TAEGIS;7a493644-13ca-5f1d-b811-66d28e9bfc98;MAO-DHCP01;7a493644-13ca-5f1d-b811-66d28e9bfc98;10.0.20348;7a493644-13ca-5f1d-b811-66d28e9bfc98;142779;2.2.22;WINDOWS;0.0;NT_SERVER;Active;Microsoft
89;ENDPOINT_TAEGIS;bb9dddf5-9f62-5386-964f-3c9118181e24;sondamao;bb9dddf5-9f62-5386-964f-3c9118181e24;10.0.20348;bb9dddf5-9f62-5386-964f-3c9118181e24;142779;2.2.22;WINDOWS;0.0;NT_SERVER;Active;Microsoft
90;ENDPOINT_TAEGIS;97ee8554-e844-59a6-8c69-b9e723ef94e5;MAO-SERVERBKP;97ee8554-e844-59a6-8c69-b9e723ef94e5;10.0.20348;97ee8554-e844-59a6-8c69-b9e723ef94e5;142779;2.2.22;WINDOWS;0.0;NT_SERVER;Active;Microsoft
91;ENDPOINT_TAEGIS;27694bb7-1885-5388-bc67-836dd46b7e1a;SFTP;27694bb7-1885-5388-bc67-836dd46b7e1a;10.0.20348;27694bb7-1885-5388-bc67-836dd46b7e1a;142779;2.2.22;WINDOWS;0.0;NT_SERVER;Active;Microsoft
92;ENDPOINT_TAEGIS;e4bae763-cd3d-5bca-87ae-293722f3fb13;MAO-FS01;e4bae763-cd3d-5bca-87ae-293722f3fb13;10.0.20348;e4bae763-cd3d-5bca-87ae-293722f3fb13;142779;2.2.22;WINDOWS;0.0;NT_SERVER;Active;Microsoft
93;ENDPOINT_TAEGIS;4ad16f38-4de5-5a01-b2d4-52e1df4238b2;DC-CERT-PRINC;4ad16f38-4de5-5a01-b2d4-52e1df4238b2;10.0.20348;4ad16f38-4de5-5a01-b2d4-52e1df4238b2;142779;2.2.22;WINDOWS;0.0;NT_SERVER;Active;Microsoft
94;ENDPOINT_TAEGIS;21e5552a-bd90-58aa-a2ac-e34a980a9bba;DC-SERVERCATALOGO;21e5552a-bd90-58aa-a2ac-e34a980a9bba;10.0.19045;21e5552a-bd90-58aa-a2ac-e34a980a9bba;142779;2.2.22;WINDOWS;0.0;NT_WORKSTATION;Active;Microsoft
95;ENDPOINT_TAEGIS;9e80d089-9099-51bb-8f65-fc08bf48d786;serveriis-hml;9e80d089-9099-51bb-8f65-fc08bf48d786;10.0.20348;9e80d089-9099-51bb-8f65-fc08bf48d786;142779;2.2.22;WINDOWS;0.0;NT_SERVER;Active;Microsoft
96;ENDPOINT_TAEGIS;1fb69a71-c641-50c3-80be-ab4f1b97eda2;DC-ADCONNECT;1fb69a71-c641-50c3-80be-ab4f1b97eda2;10.0.20348;1fb69a71-c641-50c3-80be-ab4f1b97eda2;142779;2.2.22;WINDOWS;0.0;NT_SERVER;Active;Microsoft
97;ENDPOINT_TAEGIS;0797bce8-d999-56b9-a14b-320f3f87ada5;DC-FS01;0797bce8-d999-56b9-a14b-320f3f87ada5;10.0.20348;0797bce8-d999-56b9-a14b-320f3f87ada5;142779;2.2.22;WINDOWS;0.0;NT_SERVER;Active;Microsoft
98;ENDPOINT_TAEGIS;33c8fbcb-66ec-5f2c-a9fa-24e612f71f9c;DC-KASPERSKY;33c8fbcb-66ec-5f2c-a9fa-24e612f71f9c;10.0.20348;33c8fbcb-66ec-5f2c-a9fa-24e612f71f9c;142779;2.2.22;WINDOWS;0.0;NT_SERVER;Active;Microsoft
99;ENDPOINT_TAEGIS;452a5428-0b68-5502-b19c-2b1d58ce3e0e;KSC-MOBILE;452a5428-0b68-5502-b19c-2b1d58ce3e0e;10.0.20348;452a5428-0b68-5502-b19c-2b1d58ce3e0e;142779;2.2.22;WINDOWS;0.0;NT_SERVER;Active;Microsoft
100;ENDPOINT_TAEGIS;ce1eb298-d2b4-56f9-b659-7596ec233bd4;TECH004;ce1eb298-d2b4-56f9-b659-7596ec233bd4;10.0.26100;ce1eb298-d2b4-56f9-b659-7596ec233bd4;142779;2.2.22;WINDOWS;0.0;NT_WORKSTATION;Healthy;Microsoft
101;ENDPOINT_TAEGIS;01b110d1-46f7-516d-b1a5-b8474f3e9261;HMLCATALOGO;01b110d1-46f7-516d-b1a5-b8474f3e9261;10.0.19045;01b110d1-46f7-516d-b1a5-b8474f3e9261;142779;2.2.22;WINDOWS;0.0;NT_WORKSTATION;Active;Microsoft
102;ENDPOINT_TAEGIS;370ed881-fcb8-5734-abed-6f65873fd934;sondadc;370ed881-fcb8-5734-abed-6f65873fd934;10.0.20348;370ed881-fcb8-5734-abed-6f65873fd934;142779;2.2.22;WINDOWS;0.0;NT_SERVER;Active;Microsoft
103;ENDPOINT_TAEGIS;bfeee279-928f-5e62-b0c9-3fa77092b419;ServerMormaii;bfeee279-928f-5e62-b0c9-3fa77092b419;10.0.20348;bfeee279-928f-5e62-b0c9-3fa77092b419;142779;2.2.22;WINDOWS;0.0;NT_SERVER;Active;Microsoft
104;ENDPOINT_TAEGIS;5a2dcf5a-59ab-5505-8e52-2a7df8137114;MAO-SISDCR;5a2dcf5a-59ab-5505-8e52-2a7df8137114;10.0.19045;5a2dcf5a-59ab-5505-8e52-2a7df8137114;142779;2.2.22;WINDOWS;0.0;NT_WORKSTATION;Active;Microsoft
105;ENDPOINT_TAEGIS;c80686bd-2ed8-5f5e-a06e-727a4c452380;DC-EXCHANGE;c80686bd-2ed8-5f5e-a06e-727a4c452380;10.0.20348;c80686bd-2ed8-5f5e-a06e-727a4c452380;142779;2.2.22;WINDOWS;0.0;NT_SERVER;Active;Microsoft
106;ENDPOINT_TAEGIS;08a9549c-0bae-55cc-aa7a-c8381e634171;SIG;08a9549c-0bae-55cc-aa7a-c8381e634171;10.0.20348;08a9549c-0bae-55cc-aa7a-c8381e634171;142779;2.2.22;WINDOWS;0.0;NT_SERVER;Active;Microsoft
107;ENDPOINT_TAEGIS;e7f53ba3-b291-58f1-90da-04f25c899487;DC-ADDS01;e7f53ba3-b291-58f1-90da-04f25c899487;10.0.20348;e7f53ba3-b291-58f1-90da-04f25c899487;142779;2.2.22;WINDOWS;0.0;NT_DOMAIN_CONTROLLER;Active;Microsoft
108;ENDPOINT_TAEGIS;5bbe7e22-4625-505e-8130-e6055ec06be3;DC-ADDS02;5bbe7e22-4625-505e-8130-e6055ec06be3;10.0.20348;5bbe7e22-4625-505e-8130-e6055ec06be3;142779;2.2.22;WINDOWS;0.0;NT_DOMAIN_CONTROLLER;Active;Microsoft
109;ENDPOINT_TAEGIS;c83ad6a1-01d4-582b-83d6-7f2f2127c551;DC-SRVDW;c83ad6a1-01d4-582b-83d6-7f2f2127c551;10.0.20348;c83ad6a1-01d4-582b-83d6-7f2f2127c551;142779;2.2.22;WINDOWS;0.0;NT_SERVER;Active;Microsoft
110;ENDPOINT_TAEGIS;8c692ce7-1cc1-514f-8b2b-67ee21c357b3;SRVIMPMAO;8c692ce7-1cc1-514f-8b2b-67ee21c357b3;10.0.20348;8c692ce7-1cc1-514f-8b2b-67ee21c357b3;142779;2.2.22;WINDOWS;0.0;NT_SERVER;Active;Microsoft
111;ENDPOINT_TAEGIS;f04b16a7-e417-5f4b-a4fb-944008a9c6fe;TECH099;f04b16a7-e417-5f4b-a4fb-944008a9c6fe;10.0.26100;f04b16a7-e417-5f4b-a4fb-944008a9c6fe;142779;2.2.22;WINDOWS;0.0;NT_WORKSTATION;Healthy;Microsoft
112;ENDPOINT_TAEGIS;3a5c2ef8-fa23-5bba-b41f-55f2feafb703;CA-INTELBRAS;3a5c2ef8-fa23-5bba-b41f-55f2feafb703;10.0.19045;3a5c2ef8-fa23-5bba-b41f-55f2feafb703;142779;2.2.22;WINDOWS;0.0;NT_WORKSTATION;Active;Microsoft
113;ENDPOINT_TAEGIS;03666e87-36f1-5b55-b10b-7f8af8197aab;FINNET;03666e87-36f1-5b55-b10b-7f8af8197aab;10.0.20348;03666e87-36f1-5b55-b10b-7f8af8197aab;142779;2.2.22;WINDOWS;0.0;NT_SERVER;Active;Microsoft
114;ENDPOINT_TAEGIS;031aec0d-9e9d-51d1-841a-396e32e5b7ec;sondaca;031aec0d-9e9d-51d1-841a-396e32e5b7ec;10.0.20348;031aec0d-9e9d-51d1-841a-396e32e5b7ec;142779;2.2.22;WINDOWS;0.0;NT_SERVER;Active;Microsoft
115;ENDPOINT_TAEGIS;497db57d-ea7f-54b7-8999-c52aacbb8dac;SRVIMP;497db57d-ea7f-54b7-8999-c52aacbb8dac;10.0.20348;497db57d-ea7f-54b7-8999-c52aacbb8dac;142779;2.2.22;WINDOWS;0.0;NT_SERVER;Active;Microsoft
116;ENDPOINT_TAEGIS;b5715635-d7e4-5e51-8b97-d9c1094a63ae;CA-ADDS01;b5715635-d7e4-5e51-8b97-d9c1094a63ae;10.0.20348;b5715635-d7e4-5e51-8b97-d9c1094a63ae;142779;2.2.22;WINDOWS;0.0;NT_DOMAIN_CONTROLLER;Active;Microsoft
117;ENDPOINT_TAEGIS;94fbe0e7-7241-593d-a485-76ac81740c7f;UNIFI;94fbe0e7-7241-593d-a485-76ac81740c7f;10.0.19045;94fbe0e7-7241-593d-a485-76ac81740c7f;142779;2.2.22;WINDOWS;0.0;NT_WORKSTATION;Healthy;Microsoft
118;ENDPOINT_TAEGIS;54edcae7-d7d0-567d-9010-ff85595c923e;server-aut;54edcae7-d7d0-567d-9010-ff85595c923e;10.0.20348;54edcae7-d7d0-567d-9010-ff85595c923e;142779;2.2.22;WINDOWS;0.0;NT_SERVER;Active;Microsoft
119;ENDPOINT_TAEGIS;7bbaa53c-f2f3-559e-a088-cdb1f69d00f0;APPSERVER;7bbaa53c-f2f3-559e-a088-cdb1f69d00f0;10.0.20348;7bbaa53c-f2f3-559e-a088-cdb1f69d00f0;142779;2.2.22;WINDOWS;0.0;NT_SERVER;Active;Microsoft
120;ENDPOINT_TAEGIS;4984dd0a-75eb-587b-8125-ee7efd6a9c68;MAO-SCANNERAIP;4984dd0a-75eb-587b-8125-ee7efd6a9c68;10.0.20348;4984dd0a-75eb-587b-8125-ee7efd6a9c68;142779;2.2.22;WINDOWS;0.0;NT_SERVER;Active;Microsoft
121;ENDPOINT_TAEGIS;23f7316d-4c24-5f61-ba4b-02e44737c865;MAO-ADDS01;23f7316d-4c24-5f61-ba4b-02e44737c865;10.0.20348;23f7316d-4c24-5f61-ba4b-02e44737c865;142779;2.2.22;WINDOWS;0.0;NT_DOMAIN_CONTROLLER;Active;Microsoft
122;ENDPOINT_TAEGIS;672beead-d8c1-5961-86bb-f725ea9ae5f4;cachebhz;672beead-d8c1-5961-86bb-f725ea9ae5f4;10.0.19045;672beead-d8c1-5961-86bb-f725ea9ae5f4;142779;2.2.22;WINDOWS;0.0;NT_WORKSTATION;Healthy;Microsoft
123;ENDPOINT_REDCLOAK;47bcd27830cb6a937cac88931f30354b;STS02;ff1f2aa9-718a-4b5c-a48e-0665bc0afce0;VERSION_SERVER_2008;47bcd27830cb6a937cac88931f30354b;47bcd278;2.8.5.0;WINDOWS;1.0;NT_SERVER;Archived;Microsoft
124;ENDPOINT_TAEGIS;580b5170-31e2-5350-8958-557d7683cbd5;TECH335;580b5170-31e2-5350-8958-557d7683cbd5;10.0.26100;580b5170-31e2-5350-8958-557d7683cbd5;142779;2.2.22;WINDOWS;0.0;NT_WORKSTATION;Unhealthy;Microsoft
125;ENDPOINT_REDCLOAK;47bcd2780cfa6e16b70f3dc3ce821bc9;LUISTEIXEIRA;cfe69820-bd4b-479b-b1d9-8494624b9007;VERSION_WIN10;47bcd2780cfa6e16b70f3dc3ce821bc9;47bcd278;2.8.5.0;WINDOWS;0.0;NT_WORKSTATION;Unhealthy;Microsoft
126;ENDPOINT_REDCLOAK;47bcd2781b4804efc6c70388bf5f98da;SRVIMPMAO;1ba4eb48-a626-4f09-a543-c32653be6777;VERSION_SERVER_2019;47bcd2781b4804efc6c70388bf5f98da;47bcd278;2.8.5.0;WINDOWS;0.0;NT_SERVER;Archived;Microsoft
127;ENDPOINT_REDCLOAK;47bcd278dafa9ac6717ff9899263fdfa;SFTP;305c3174-5bd9-4314-8aa6-8be1b50c3daa;VERSION_SERVER_2019;47bcd278dafa9ac6717ff9899263fdfa;47bcd278;2.8.5.0;WINDOWS;0.0;NT_SERVER;Archived;Microsoft
128;ENDPOINT_REDCLOAK;47bcd278ceb4449d21829ba1f200b90a;APPSERVER;3df0cd4d-e38e-4c9f-b3ff-e1c218fc9f7f;VERSION_SERVER_2019;47bcd278ceb4449d21829ba1f200b90a;47bcd278;2.8.5.0;WINDOWS;0.0;NT_SERVER;Archived;Microsoft
129;ENDPOINT_REDCLOAK;47bcd2782337bd3c254d124dc7d806f2;LAURA;81bf2bd5-eafe-4659-b65d-d9c868211522;VERSION_WIN10;47bcd2782337bd3c254d124dc7d806f2;47bcd278;2.8.5.0;WINDOWS;0.0;NT_WORKSTATION;Archived;Microsoft
130;ENDPOINT_TAEGIS;5aaf623c-3e1b-5936-a8eb-8f5c1f2f87a2;TECH010;5aaf623c-3e1b-5936-a8eb-8f5c1f2f87a2;10.0.26100;5aaf623c-3e1b-5936-a8eb-8f5c1f2f87a2;142779;1.0.26;WINDOWS;0.0;NT_WORKSTATION;Archived;Microsoft
131;ENDPOINT_TAEGIS;74c146af-23e4-5b8b-b3f0-05b217be5182;DANIELLE;74c146af-23e4-5b8b-b3f0-05b217be5182;10.0.22631;74c146af-23e4-5b8b-b3f0-05b217be5182;142779;2.1.2;WINDOWS;0.0;NT_WORKSTATION;Archived;Microsoft
132;ENDPOINT_TAEGIS;22fb8a56-bc3c-54e8-9c47-7530d91ce274;TECH089;22fb8a56-bc3c-54e8-9c47-7530d91ce274;10.0.26100;22fb8a56-bc3c-54e8-9c47-7530d91ce274;142779;1.0.26;WINDOWS;0.0;NT_WORKSTATION;Archived;Microsoft
133;ENDPOINT_TAEGIS;f76ac08c-8cef-5bcd-a7d3-994c65e7bba5;TECH011;f76ac08c-8cef-5bcd-a7d3-994c65e7bba5;10.0.19045;f76ac08c-8cef-5bcd-a7d3-994c65e7bba5;142779;1.0.26;WINDOWS;0.0;NT_WORKSTATION;Archived;Microsoft
134;ENDPOINT_TAEGIS;c56a5db1-1159-58c2-b112-0fd16b8f9599;TESTE-206;c56a5db1-1159-58c2-b112-0fd16b8f9599;10.0.26100;c56a5db1-1159-58c2-b112-0fd16b8f9599;142779;1.0.26;WINDOWS;0.0;NT_WORKSTATION;Archived;Microsoft
135;ENDPOINT_TAEGIS;0886bffe-eef0-5cc6-a5c1-649065349610;TECH138;0886bffe-eef0-5cc6-a5c1-649065349610;10.0.19045;0886bffe-eef0-5cc6-a5c1-649065349610;142779;1.0.26;WINDOWS;0.0;NT_WORKSTATION;Archived;Microsoft
136;ENDPOINT_REDCLOAK;47bcd278c5edd9421c67506f40114c2a;ROBSONNEVES;f29f412e-0801-4508-98d9-ca36b21090fa;VERSION_WIN10;47bcd278c5edd9421c67506f40114c2a;47bcd278;2.8.5.0;WINDOWS;0.0;NT_WORKSTATION;Archived;Microsoft
137;ENDPOINT_REDCLOAK;47bcd2787589042466f3ebfe09b7a24d;CASTRO;aa699e15-0963-4a97-93c4-31a440b4f23d;VERSION_WIN10;47bcd2787589042466f3ebfe09b7a24d;47bcd278;2.8.5.0;WINDOWS;0.0;NT_WORKSTATION;Archived;Microsoft
138;ENDPOINT_REDCLOAK;47bcd27890351b7ffedf001f160e09d6;FABIANA;743dfa22-0c30-426e-b41c-293c9d7bebaf;VERSION_WIN10;47bcd27890351b7ffedf001f160e09d6;47bcd278;2.8.5.0;WINDOWS;0.0;NT_WORKSTATION;Archived;Microsoft
139;ENDPOINT_TAEGIS;f3ce244c-a459-5abe-b0d2-453625550f41;JUFAVORETO;f3ce244c-a459-5abe-b0d2-453625550f41;6.0.6000;f3ce244c-a459-5abe-b0d2-453625550f41;142779;1.0.26;WINDOWS;0.0;NT_WORKSTATION;Archived;Microsoft
140;ENDPOINT_TAEGIS;20297b60-bef0-56b3-8379-ffa7b5604dfc;TECH013;20297b60-bef0-56b3-8379-ffa7b5604dfc;6.0.6000;20297b60-bef0-56b3-8379-ffa7b5604dfc;142779;1.0.26;WINDOWS;0.0;NT_WORKSTATION;Archived;Microsoft
141;ENDPOINT_REDCLOAK;47bcd2781f3d872afadcd77adcb44e70;NILDO-NOTE;9186888e-4fb4-4c36-a718-cd6e037ee0b6;VERSION_WIN10;47bcd2781f3d872afadcd77adcb44e70;47bcd278;2.8.5.0;WINDOWS;0.0;NT_WORKSTATION;Archived;Microsoft
142;ENDPOINT_REDCLOAK;47bcd2783ef293dbaa00e6c30f72f05d;joaquimribeiro;79696b5b-720f-460b-972f-c7aa44041cdd;VERSION_WIN10;47bcd2783ef293dbaa00e6c30f72f05d;47bcd278;2.8.5.0;WINDOWS;0.0;NT_WORKSTATION;Archived;Microsoft
143;ENDPOINT_REDCLOAK;47bcd278f97f59dcb89aac904481cd52;WAGNERIBEIRO;d987b7cc-70ae-44f2-a636-1fb96e7e9bb3;VERSION_WIN10;47bcd278f97f59dcb89aac904481cd52;47bcd278;2.8.5.0;WINDOWS;0.0;NT_WORKSTATION;Archived;Microsoft
144;ENDPOINT_TAEGIS;540561c2-208c-5e77-976d-0ec1c77868a0;LEONARDOJESUS;540561c2-208c-5e77-976d-0ec1c77868a0;10.0.22631;540561c2-208c-5e77-976d-0ec1c77868a0;142779;1.2.84;WINDOWS;0.0;NT_WORKSTATION;Archived;Microsoft
145;ENDPOINT_TAEGIS;d6aaba8a-a415-5ec6-aa33-d3d510fbe741;LORRAINE;d6aaba8a-a415-5ec6-aa33-d3d510fbe741;10.0.22631;d6aaba8a-a415-5ec6-aa33-d3d510fbe741;142779;2.1.2;WINDOWS;0.0;NT_WORKSTATION;Archived;Microsoft
146;ENDPOINT_TAEGIS;f06d4c45-0809-5648-8bfe-cfbeca576f0a;CA-LOG;f06d4c45-0809-5648-8bfe-cfbeca576f0a;10.0.20348;f06d4c45-0809-5648-8bfe-cfbeca576f0a;142779;2.1.2;WINDOWS;0.0;NT_SERVER;Archived;Microsoft
147;ENDPOINT_TAEGIS;e716c590-d5d8-5522-bda1-acd44b0781b3;MAO-LOG;e716c590-d5d8-5522-bda1-acd44b0781b3;10.0.20348;e716c590-d5d8-5522-bda1-acd44b0781b3;142779;2.1.2;WINDOWS;0.0;NT_SERVER;Archived;Microsoft
148;ENDPOINT_TAEGIS;538508e1-2322-5878-9883-b6924ce26899;EVILLYDIAS;538508e1-2322-5878-9883-b6924ce26899;10.0.22631;538508e1-2322-5878-9883-b6924ce26899;142779;2.1.2;WINDOWS;0.0;NT_WORKSTATION;Archived;Microsoft
149;ENDPOINT_TAEGIS;cc380b5f-b277-5564-a7b0-87140798e405;ALLAN;cc380b5f-b277-5564-a7b0-87140798e405;10.0.22631;cc380b5f-b277-5564-a7b0-87140798e405;142779;1.0.26;WINDOWS;0.0;NT_WORKSTATION;Archived;Microsoft
150;ENDPOINT_REDCLOAK;47bcd2780963ebdfe2fc3cb399a5771b;ALLAN;9045eec8-e59c-4a52-babb-691165dd7846;VERSION_WIN10;47bcd2780963ebdfe2fc3cb399a5771b;47bcd278;2.8.5.0;WINDOWS;0.0;NT_WORKSTATION;Archived;Microsoft
151;ENDPOINT_REDCLOAK;47bcd27809daf1a1392be99e987aa98c;EVILLYDIAS;11ebfd2d-53c7-414a-8496-8b0d9699d4c7;VERSION_WIN10;47bcd27809daf1a1392be99e987aa98c;47bcd278;2.8.5.0;WINDOWS;0.0;NT_WORKSTATION;Archived;Microsoft
152;ENDPOINT_REDCLOAK;47bcd278b00a9a1421518624331e235b;TECH107;7d288cdc-77d8-4b75-aeb4-6572e64a9b52;VERSION_WIN10;47bcd278b00a9a1421518624331e235b;47bcd278;2.8.5.0;WINDOWS;0.0;NT_WORKSTATION;Archived;Microsoft
153;ENDPOINT_REDCLOAK;47bcd278a0c906c99005972e02b0b89d;dcrelatorio;1de91943-e8bf-44d0-a95c-b90c71e9a274;VERSION_SERVER_2008;47bcd278a0c906c99005972e02b0b89d;47bcd278;2.8.5.0;WINDOWS;1.0;NT_SERVER;Archived;Microsoft
154;ENDPOINT_TAEGIS;ef223112-5393-503f-8845-c888165dae0b;cachebsb;ef223112-5393-503f-8845-c888165dae0b;10.0.19045;ef223112-5393-503f-8845-c888165dae0b;142779;2.1.2;WINDOWS;0.0;NT_WORKSTATION;Archived;Microsoft
155;ENDPOINT_REDCLOAK;47bcd27827450342d9a23bd14e759fb7;BIANCA;35bd6310-f255-443a-9e88-7619c1675324;VERSION_WIN10;47bcd27827450342d9a23bd14e759fb7;47bcd278;2.8.5.0;WINDOWS;0.0;NT_WORKSTATION;Archived;Microsoft
156;ENDPOINT_TAEGIS;18dbb931-952b-5cc0-b2f8-254a23913b9d;cacherec;18dbb931-952b-5cc0-b2f8-254a23913b9d;10.0.19045;18dbb931-952b-5cc0-b2f8-254a23913b9d;142779;2.0.10;WINDOWS;0.0;NT_WORKSTATION;Archived;Microsoft
157;ENDPOINT_TAEGIS;e7e315af-b723-5ecc-8ff1-e274d695a55d;cachesvd;e7e315af-b723-5ecc-8ff1-e274d695a55d;10.0.19045;e7e315af-b723-5ecc-8ff1-e274d695a55d;142779;2.1.2;WINDOWS;0.0;NT_WORKSTATION;Archived;Microsoft
158;ENDPOINT_TAEGIS;ed3c8254-2cc3-59d9-9904-2220bdb3c5f8;cachectb;ed3c8254-2cc3-59d9-9904-2220bdb3c5f8;10.0.19045;ed3c8254-2cc3-59d9-9904-2220bdb3c5f8;142779;2.1.2;WINDOWS;0.0;NT_WORKSTATION;Archived;Microsoft
159;ENDPOINT_REDCLOAK;47bcd278b00a9a1421518624b4e3f0ca;TECH087;06fec353-4444-4831-82c5-833fe9796064;VERSION_WIN10;47bcd278b00a9a1421518624b4e3f0ca;47bcd278;2.8.5.0;WINDOWS;0.0;NT_WORKSTATION;Archived;Microsoft
160;ENDPOINT_REDCLOAK;47bcd278c5e5ec16119dd481e2cb5062;TECH033;41911346-c03b-456c-a835-fbdad2162841;VERSION_WIN10;47bcd278c5e5ec16119dd481e2cb5062;47bcd278;2.8.5.0;WINDOWS;0.0;NT_WORKSTATION;Archived;Microsoft
161;ENDPOINT_TAEGIS;e4ff1284-30ed-5516-846b-0c5bf77f3c46;scanservers-dc;e4ff1284-30ed-5516-846b-0c5bf77f3c46;10.0.19045;e4ff1284-30ed-5516-846b-0c5bf77f3c46;142779;1.0.26;WINDOWS;0.0;NT_WORKSTATION;Archived;Microsoft
162;ENDPOINT_TAEGIS;d29edf24-3b8f-5181-b9c8-a35ac9c274b1;supravizio;d29edf24-3b8f-5181-b9c8-a35ac9c274b1;10.0.20348;d29edf24-3b8f-5181-b9c8-a35ac9c274b1;142779;1.0.50;WINDOWS;0.0;NT_SERVER;Archived;Microsoft
163;ENDPOINT_REDCLOAK;47bcd278054f5ba3773e9b642f5da34a;JULIANACASTRO;de40e09b-48f2-4bfd-8b6f-bdfff22aaaea;VERSION_WIN10;47bcd278054f5ba3773e9b642f5da34a;47bcd278;2.8.5.0;WINDOWS;0.0;NT_WORKSTATION;Archived;Microsoft
164;ENDPOINT_REDCLOAK;47bcd2780f4187aa8f6398371dbd2321;MAO-SFTP-HML;3141d3ee-02cf-4ce9-9dca-00234d167cb6;VERSION_SERVER_2019;47bcd2780f4187aa8f6398371dbd2321;47bcd278;2.8.5.0;WINDOWS;0.0;NT_SERVER;Archived;Microsoft
165;ENDPOINT_REDCLOAK;47bcd2783b721cda786a5e566d08fec5;TECH220;aee6331c-a5b7-46cd-aa10-2c3b1da0edf5;VERSION_WIN10;47bcd2783b721cda786a5e566d08fec5;47bcd278;2.8.5.0;WINDOWS;0.0;NT_WORKSTATION;Archived;Microsoft
166;ENDPOINT_REDCLOAK;47bcd27877bc4ad2b4621b067e8723d7;EVILLY;58ba0f25-9e0d-4588-bc83-5d992c873d9a;VERSION_WIN10;47bcd27877bc4ad2b4621b067e8723d7;47bcd278;2.8.5.0;WINDOWS;0.0;NT_WORKSTATION;Archived;Microsoft
167;ENDPOINT_REDCLOAK;47bcd27883933c8febaa59a18efefc23;WALLACESILVA;16eed1fc-fc0e-4872-b47b-b40b736e2948;VERSION_WIN10;47bcd27883933c8febaa59a18efefc23;47bcd278;2.8.5.0;WINDOWS;0.0;NT_WORKSTATION;Archived;Microsoft
168;ENDPOINT_REDCLOAK;47bcd2789addf0424b24e4a5a72cbebd;JONATHANSCHWARZ;71387b31-fa4f-454d-a3a8-e886ccae6bdf;VERSION_WIN10;47bcd2789addf0424b24e4a5a72cbebd;47bcd278;2.8.5.0;WINDOWS;0.0;NT_WORKSTATION;Archived;Microsoft
169;ENDPOINT_REDCLOAK;47bcd278d4d18f94372763b435b9d032;CLARABASTOS;7b420c55-3cc6-449b-b59a-e33d5cc9f3af;VERSION_WIN10;47bcd278d4d18f94372763b435b9d032;47bcd278;2.8.5.0;WINDOWS;0.0;NT_WORKSTATION;Archived;Microsoft
170;ENDPOINT_TAEGIS;3b16aa7d-2adb-5f4c-8cd0-babda41160bf;cachebel;3b16aa7d-2adb-5f4c-8cd0-babda41160bf;10.0.19045;3b16aa7d-2adb-5f4c-8cd0-babda41160bf;142779;1.2.84;WINDOWS;0.0;NT_WORKSTATION;Archived;Microsoft
171;ENDPOINT_REDCLOAK;47bcd2789addf0424b24e4a570e7a514;HERRMANN-7115;45f1bb31-c729-46b1-b7aa-bd58445a9e3c;VERSION_WIN10;47bcd2789addf0424b24e4a570e7a514;47bcd278;2.8.5.0;WINDOWS;0.0;NT_WORKSTATION;Unhealthy;Microsoft
172;ENDPOINT_TAEGIS;1931d66b-b0f3-54de-830a-2c1740f50bb5;KASPERSKY;1931d66b-b0f3-54de-830a-2c1740f50bb5;10.0.20348;1931d66b-b0f3-54de-830a-2c1740f50bb5;142779;1.0.42;WINDOWS;0.0;NT_SERVER;Archived;Microsoft
173;ENDPOINT_TAEGIS;c293fc46-611f-55c1-8ccc-bdb4a5cc5aec;helpdesk.technos.local;c293fc46-611f-55c1-8ccc-bdb4a5cc5aec;9;c293fc46-611f-55c1-8ccc-bdb4a5cc5aec;142779;1.0.54;LINUX;Debian GNU/Linux 9 (stretch);;Archived;Debian GNU/Linux
174;ENDPOINT_TAEGIS;2a5c87bc-09f3-50bd-a89f-09903622c80e;tenable-d16y7tuo;2a5c87bc-09f3-50bd-a89f-09903622c80e;7;2a5c87bc-09f3-50bd-a89f-09903622c80e;142779;1.0.54;LINUX;CentOS Linux 7 (Core);;Archived;CentOS Linux
175;ENDPOINT_TAEGIS;1bd510e9-133f-5e5b-959c-6781e8708c00;serverbkp-dc;1bd510e9-133f-5e5b-959c-6781e8708c00;10.0.14393;1bd510e9-133f-5e5b-959c-6781e8708c00;142779;1.0.42;WINDOWS;0.0;NT_SERVER;Archived;Microsoft
176;ENDPOINT_REDCLOAK;47bcd278d4531b02540e94eefc7c9900;dcflc;fe6e526e-b523-48db-b891-aea50d353d59;VERSION_SERVER_2012_R2;47bcd278d4531b02540e94eefc7c9900;47bcd278;2.8.5.0;WINDOWS;0.0;NT_SERVER;Archived;Microsoft
177;ENDPOINT_REDCLOAK;47bcd278d4d18f94372763b421d218e1;FLAVIA;95d6f963-2c69-43b4-860a-49e7828e551d;VERSION_WIN10;47bcd278d4d18f94372763b421d218e1;47bcd278;2.8.5.0;WINDOWS;0.0;NT_WORKSTATION;Archived;Microsoft
178;ENDPOINT_TAEGIS;eee22251-d873-58c5-9f0e-e09fa0d40f95;MAO-SERVERBKP-OLD;eee22251-d873-58c5-9f0e-e09fa0d40f95;10.0.20348;eee22251-d873-58c5-9f0e-e09fa0d40f95;142779;1.0.42;WINDOWS;0.0;NT_SERVER;Archived;Microsoft
179;ENDPOINT_REDCLOAK;47bcd278a68ba41789c61db7ec71b7e7;SERVERBKP-DC;67ca0742-a475-49a9-9fe5-ef1e49c388a3;VERSION_SERVER_2019;47bcd278a68ba41789c61db7ec71b7e7;47bcd278;2.8.5.0;WINDOWS;0.0;NT_SERVER;Archived;Microsoft
180;ENDPOINT_REDCLOAK;47bcd278933937f5fbfceec10364926b;microsiga;d3354ea9-9391-4a21-be79-e9d20fe432ba;VERSION_SERVER_2012_R2;47bcd278933937f5fbfceec10364926b;47bcd278;2.8.5.0;WINDOWS;0.0;NT_SERVER;Archived;Microsoft
181;ENDPOINT_REDCLOAK;47bcd278d84873a33bc4ec49e7c954d6;srvdw;d3a58477-0e70-462a-9832-4273834000f7;VERSION_SERVER_2012_R2;47bcd278d84873a33bc4ec49e7c954d6;47bcd278;2.8.5.0;WINDOWS;0.0;NT_SERVER;Archived;Microsoft
182;ENDPOINT_TAEGIS;bdb1325f-07ca-5a15-a3c9-f56ca1e64168;MAO-UBUNTU;bdb1325f-07ca-5a15-a3c9-f56ca1e64168;20.04;bdb1325f-07ca-5a15-a3c9-f56ca1e64168;142779;1.1.32;LINUX;Ubuntu 20.04.6 LTS;;Archived;Ubuntu
183;ENDPOINT_REDCLOAK;47bcd27843e6f28d0bb8dee35687d805;serverbkp-mao;d0dc2bf6-bd7d-4cc7-a36a-74f53ed299ba;VERSION_SERVER_2012_R2;47bcd27843e6f28d0bb8dee35687d805;47bcd278;2.8.5.0;WINDOWS;0.0;NT_SERVER;Archived;Microsoft
184;ENDPOINT_REDCLOAK;47bcd2786421a03ab47f2efe13b8505e;exchange13;2e1b2f43-004e-4d30-bb2f-9bdbe2b72fb2;VERSION_SERVER_2012_R2;47bcd2786421a03ab47f2efe13b8505e;47bcd278;2.8.5.0;WINDOWS;0.0;NT_SERVER;Archived;Microsoft
185;ENDPOINT_TAEGIS;dbb343db-c544-5302-8ccb-f4514aac41bd;cacherio;dbb343db-c544-5302-8ccb-f4514aac41bd;10.0.19045;dbb343db-c544-5302-8ccb-f4514aac41bd;142779;1.0.42;WINDOWS;0.0;NT_WORKSTATION;Archived;Microsoft
186;ENDPOINT_TAEGIS;7724c97d-2a3d-56b7-89a2-1035ace10103;cachepoa;7724c97d-2a3d-56b7-89a2-1035ace10103;10.0.19045;7724c97d-2a3d-56b7-89a2-1035ace10103;142779;1.0.42;WINDOWS;0.0;NT_WORKSTATION;Archived;Microsoft
187;ENDPOINT_TAEGIS;31302574-9d9a-5993-83ec-5c39848fd680;cachefor;31302574-9d9a-5993-83ec-5c39848fd680;10.0.19045;31302574-9d9a-5993-83ec-5c39848fd680;142779;1.0.42;WINDOWS;0.0;NT_WORKSTATION;Archived;Microsoft
188;ENDPOINT_TAEGIS;bdb9e090-0a3d-51fb-be50-8b2b98f2449b;srvfleet;bdb9e090-0a3d-51fb-be50-8b2b98f2449b;10.0.20348;bdb9e090-0a3d-51fb-be50-8b2b98f2449b;142779;1.0.42;WINDOWS;0.0;NT_SERVER;Archived;Microsoft
189;ENDPOINT_TAEGIS;f6cd9045-3fab-58e2-b79f-3573c43f9792;ocsserver;f6cd9045-3fab-58e2-b79f-3573c43f9792;11;f6cd9045-3fab-58e2-b79f-3573c43f9792;142779;1.1.32;LINUX;Debian GNU/Linux 11 (bullseye);;Archived;Debian GNU/Linux
190;ENDPOINT_REDCLOAK;47bcd2787f1d3856d9608a5596002030;PRTG;0a06615d-e9c5-4753-955b-174dc3731346;VERSION_SERVER_2012_R2;47bcd2787f1d3856d9608a5596002030;47bcd278;2.8.5.0;WINDOWS;0.0;NT_SERVER;Archived;Microsoft
191;ENDPOINT_REDCLOAK;47bcd27882af5a61e2854fbce9ba2a7f;cms;9c309e30-0ea7-43b0-8872-123d3b25527b;VERSION_SERVER_2008;47bcd27882af5a61e2854fbce9ba2a7f;47bcd278;2.8.5.0;WINDOWS;1.0;NT_SERVER;Archived;Microsoft
192;ENDPOINT_REDCLOAK;47bcd2785ff4d8bc457bb397a8f4c04e;ADFS;b8d6eff1-8270-42b4-a050-6d2cb25ded0b;VERSION_SERVER_2012_R2;47bcd2785ff4d8bc457bb397a8f4c04e;47bcd278;2.8.5.0;WINDOWS;0.0;NT_SERVER;Archived;Microsoft
193;ENDPOINT_REDCLOAK;47bcd2785cda213aee14921db692b848;totvs;f210de26-339b-4a64-be22-f38b73691255;VERSION_SERVER_2012_R2;47bcd2785cda213aee14921db692b848;47bcd278;2.8.5.0;WINDOWS;0.0;NT_SERVER;Archived;Microsoft
194;ENDPOINT_REDCLOAK;47bcd278a0c906c99005972e1110e008;dcmaster;3f5da412-2539-4566-8d46-619c963d6a39;VERSION_SERVER_2008;47bcd278a0c906c99005972e1110e008;47bcd278;2.8.5.0;WINDOWS;1.0;NT_SERVER;Archived;Microsoft
195;ENDPOINT_TAEGIS;de32a5ae-622f-52b7-a067-2020dc29884f;tenable-8thry00s;de32a5ae-622f-52b7-a067-2020dc29884f;7;de32a5ae-622f-52b7-a067-2020dc29884f;142779;1.0.54;LINUX;CentOS Linux 7 (Core);;Archived;CentOS Linux
196;ENDPOINT_TAEGIS;b63bb1d3-1c79-5a79-8a14-f87710c63c5a;tenable-9nxguh1t;b63bb1d3-1c79-5a79-8a14-f87710c63c5a;7;b63bb1d3-1c79-5a79-8a14-f87710c63c5a;142779;1.0.54;LINUX;CentOS Linux 7 (Core);;Archived;CentOS Linux
197;ENDPOINT_REDCLOAK;47bcd2788b964b6903829a673f5916fa;ctaprovacao-hml;74c5a131-7a47-46f4-92dc-ea6f7674a255;VERSION_SERVER_2012_R2;47bcd2788b964b6903829a673f5916fa;47bcd278;2.8.5.0;WINDOWS;0.0;NT_SERVER;Archived;Microsoft
198;ENDPOINT_REDCLOAK;47bcd2789e502500e582cd101cd1e9a7;ctaprovacao-prd;f2248576-dffa-4504-8f84-2e5730ced32c;VERSION_SERVER_2012_R2;47bcd2789e502500e582cd101cd1e9a7;47bcd278;2.8.5.0;WINDOWS;0.0;NT_SERVER;Archived;Microsoft
199;ENDPOINT_REDCLOAK;47bcd278e2843bb5251e3adf21e7e9c4;dcbkp;4e8b8671-fc72-4609-ab9b-bc3082c1ae3e;VERSION_SERVER_2008;47bcd278e2843bb5251e3adf21e7e9c4;47bcd278;2.8.5.0;WINDOWS;1.0;NT_SERVER;Archived;Microsoft
200;ENDPOINT_REDCLOAK;47bcd2781be787aeb9ba23583b00e2f3;serverbkp;260fc8ba-0b64-47ac-b03c-3e27a8c2c489;VERSION_SERVER_2012_R2;47bcd2781be787aeb9ba23583b00e2f3;47bcd278;2.8.5.0;WINDOWS;0.0;NT_SERVER;Archived;Microsoft
201;ENDPOINT_REDCLOAK;47bcd2782c7eb76524a8ab79082db402;dcmao01;9326c829-da81-4633-b45e-3524a5057283;VERSION_SERVER_2012_R2;47bcd2782c7eb76524a8ab79082db402;47bcd278;2.8.5.0;WINDOWS;0.0;NT_SERVER;Archived;Microsoft
202;ENDPOINT_REDCLOAK;47bcd2787ad045c62dad52922a932114;DCMAO02;a170c8f4-def7-4d76-94c6-d137ae02709a;VERSION_SERVER_2012_R2;47bcd2787ad045c62dad52922a932114;47bcd278;2.8.5.0;WINDOWS;0.0;NT_DOMAIN_CONTROLLER;Archived;Microsoft
203;ENDPOINT_REDCLOAK;47bcd27826f92ff66b9ad61539d9657f;ksc;5f3e83f0-8c25-48d9-980b-741d8b757fc8;VERSION_SERVER_2012_R2;47bcd27826f92ff66b9ad61539d9657f;47bcd278;2.8.5.0;WINDOWS;0.0;NT_SERVER;Archived;Microsoft
204;ENDPOINT_REDCLOAK;47bcd2786d65c2d4c6c70388bf5f98da;HML-SRVIMPMAO;05c4f467-e8df-4da0-b8c8-8936d7849a1f;VERSION_SERVER_2019;47bcd2786d65c2d4c6c70388bf5f98da;47bcd278;2.8.5.0;WINDOWS;0.0;NT_SERVER;Archived;Microsoft
205;ENDPOINT_TAEGIS;f046211f-0a47-5685-89d0-a6ff05572e07;ZABBIX;f046211f-0a47-5685-89d0-a6ff05572e07;11;f046211f-0a47-5685-89d0-a6ff05572e07;142779;1.0.54;LINUX;Debian GNU/Linux 11 (bullseye);;Archived;Debian GNU/Linux