Alert_Num;Attack Technique Ids;Entities;Ent-Relationships;ID;Investigation Ids;Metadata-Confidence;Metadata-Created At;Metadata-Creator Detector Id;Metadata-Creator Detector Version;Metadata-Creator Rule Id;Metadata-Creator Rule Version;Metadata-Engine Name;Metadata-Severity;Metadata-Title;Sensor Types;Status;Suppressed;Suppressed Rules;Tactics and Technic Id
1;['TA0006'];['city:3451190', 'country:3469034', 'ipAddress:200.222.39.242', 'latLon:-22.9201,-43.0811', 'sensorId:4891bf7a-ad0c-44b6-88ac-904b92b4842e', 'sensorType:MICROSOFT_GRAPH_SIGN_IN', 'sourceIpAddress:200.222.39.242', 'targetUserName:sync_ntqsvr06_11f250d03eba@nortecquimica.onmicrosoft.com', 'userName:sync_ntqsvr06_11f250d03eba@nortecquimica.onmicrosoft.com', 'sensorType:MICROSOFT_OFFICE_MANAGEMENT', 'targetAuthDomainName:nortecquimica.onmicrosoft.com', 'targetUserName:Sync_NTQSVR06_11f250d03eba@nortecquimica.onmicrosoft.com', 'userName:Sync_NTQSVR06_11f250d03eba@nortecquimica.onmicrosoft.com'];[{'from_entity': 'sourceIpAddress:200.222.39.242', 'relationship': 'geolocatedAt', 'to_entity': 'city:3451190'}, {'from_entity': 'sourceIpAddress:200.222.39.242', 'relationship': 'geolocatedAt', 'to_entity': 'country:3469034'}, {'from_entity': 'sourceIpAddress:200.222.39.242', 'relationship': 'geolocatedAt', 'to_entity': 'latLon:-22.9201,-43.0811'}];alert://priv:improbable-logon-detector:138529:1709768803265:f83cf082-8383-55ae-b88c-cc259c204af9;[{'id': '4d731b31-3761-48e8-b739-d9bcc6e03318'}];0.5;1709768803;app:detect:improbable-logon-detector;0.0.1;ff386ff2-3697-59a9-83e5-c7a1f2929c87;1699366426;app:detect:improbable-logon-detector;0.1;RESEARCH: XDR has detected a successful authentication with rare or previously unobserved properties by sync_ntqsvr06_11f250d03eba@nortecquimica.onmicrosoft.com from 200.222.39.242;['MICROSOFT_GRAPH_SIGN_IN', 'MICROSOFT_OFFICE_MANAGEMENT'];OPEN;False;[];[{'mitre_attack_info': None}]
2;['TA0006'];['city:3451190', 'country:3469034', 'ipAddress:200.222.39.242', 'latLon:-22.9201,-43.0811', 'sensorId:4891bf7a-ad0c-44b6-88ac-904b92b4842e', 'sensorType:MICROSOFT_OFFICE_MANAGEMENT', 'sourceIpAddress:200.222.39.242', 'targetAuthDomainName:nortecquimica.onmicrosoft.com', 'targetUserName:Sync_NTQSVR06_11f250d03eba@nortecquimica.onmicrosoft.com', 'userName:Sync_NTQSVR06_11f250d03eba@nortecquimica.onmicrosoft.com', 'sensorType:MICROSOFT_GRAPH_SIGN_IN', 'targetUserName:sync_ntqsvr06_11f250d03eba@nortecquimica.onmicrosoft.com', 'userName:sync_ntqsvr06_11f250d03eba@nortecquimica.onmicrosoft.com'];[{'from_entity': 'sourceIpAddress:200.222.39.242', 'relationship': 'geolocatedAt', 'to_entity': 'city:3451190'}, {'from_entity': 'sourceIpAddress:200.222.39.242', 'relationship': 'geolocatedAt', 'to_entity': 'country:3469034'}, {'from_entity': 'sourceIpAddress:200.222.39.242', 'relationship': 'geolocatedAt', 'to_entity': 'latLon:-22.9201,-43.0811'}];alert://priv:improbable-logon-detector:138529:1709767282516:64ba629e-86ff-53d2-828d-6694c9b9ce3a;[{'id': '4d731b31-3761-48e8-b739-d9bcc6e03318'}];0.5;1709767282;app:detect:improbable-logon-detector;0.0.1;ff386ff2-3697-59a9-83e5-c7a1f2929c87;1699366426;app:detect:improbable-logon-detector;0.1;RESEARCH: XDR has detected a successful authentication with rare or previously unobserved properties by sync_ntqsvr06_11f250d03eba@nortecquimica.onmicrosoft.com from 200.222.39.242;['MICROSOFT_OFFICE_MANAGEMENT', 'MICROSOFT_GRAPH_SIGN_IN'];OPEN;False;[];[{'mitre_attack_info': None}]
3;['TA0006'];['city:3451190', 'country:3469034', 'ipAddress:200.222.39.242', 'latLon:-22.9201,-43.0811', 'sensorId:4891bf7a-ad0c-44b6-88ac-904b92b4842e', 'sensorType:MICROSOFT_OFFICE_MANAGEMENT', 'sourceIpAddress:200.222.39.242', 'targetAuthDomainName:nortecquimica.onmicrosoft.com', 'targetUserName:Sync_NTQSVR06_11f250d03eba@nortecquimica.onmicrosoft.com', 'userName:Sync_NTQSVR06_11f250d03eba@nortecquimica.onmicrosoft.com', 'sensorType:MICROSOFT_GRAPH_SIGN_IN', 'targetUserName:sync_ntqsvr06_11f250d03eba@nortecquimica.onmicrosoft.com', 'userName:sync_ntqsvr06_11f250d03eba@nortecquimica.onmicrosoft.com'];[{'from_entity': 'sourceIpAddress:200.222.39.242', 'relationship': 'geolocatedAt', 'to_entity': 'city:3451190'}, {'from_entity': 'sourceIpAddress:200.222.39.242', 'relationship': 'geolocatedAt', 'to_entity': 'country:3469034'}, {'from_entity': 'sourceIpAddress:200.222.39.242', 'relationship': 'geolocatedAt', 'to_entity': 'latLon:-22.9201,-43.0811'}];alert://priv:improbable-logon-detector:138529:1709765306356:b8d91e78-6de9-526a-9338-96cdc504bb25;[{'id': '4d731b31-3761-48e8-b739-d9bcc6e03318'}];0.5;1709765306;app:detect:improbable-logon-detector;0.0.1;ff386ff2-3697-59a9-83e5-c7a1f2929c87;1699366426;app:detect:improbable-logon-detector;0.1;RESEARCH: XDR has detected a successful authentication with rare or previously unobserved properties by sync_ntqsvr06_11f250d03eba@nortecquimica.onmicrosoft.com from 200.222.39.242;['MICROSOFT_OFFICE_MANAGEMENT', 'MICROSOFT_GRAPH_SIGN_IN'];OPEN;False;[];[{'mitre_attack_info': None}]
4;['TA0006'];['city:3451190', 'country:3469034', 'ipAddress:200.222.39.242', 'latLon:-22.9201,-43.0811', 'sensorId:4891bf7a-ad0c-44b6-88ac-904b92b4842e', 'sensorType:MICROSOFT_GRAPH_SIGN_IN', 'sourceIpAddress:200.222.39.242', 'targetUserName:sync_ntqsvr06_11f250d03eba@nortecquimica.onmicrosoft.com', 'userName:sync_ntqsvr06_11f250d03eba@nortecquimica.onmicrosoft.com', 'sensorType:MICROSOFT_OFFICE_MANAGEMENT', 'targetAuthDomainName:nortecquimica.onmicrosoft.com', 'targetUserName:Sync_NTQSVR06_11f250d03eba@nortecquimica.onmicrosoft.com', 'userName:Sync_NTQSVR06_11f250d03eba@nortecquimica.onmicrosoft.com'];[{'from_entity': 'sourceIpAddress:200.222.39.242', 'relationship': 'geolocatedAt', 'to_entity': 'city:3451190'}, {'from_entity': 'sourceIpAddress:200.222.39.242', 'relationship': 'geolocatedAt', 'to_entity': 'country:3469034'}, {'from_entity': 'sourceIpAddress:200.222.39.242', 'relationship': 'geolocatedAt', 'to_entity': 'latLon:-22.9201,-43.0811'}];alert://priv:improbable-logon-detector:138529:1709763922540:64349110-e83f-56fb-b473-c41a1715cfc0;[{'id': '4d731b31-3761-48e8-b739-d9bcc6e03318'}];0.5;1709763922;app:detect:improbable-logon-detector;0.0.1;ff386ff2-3697-59a9-83e5-c7a1f2929c87;1699366426;app:detect:improbable-logon-detector;0.1;RESEARCH: XDR has detected a successful authentication with rare or previously unobserved properties by sync_ntqsvr06_11f250d03eba@nortecquimica.onmicrosoft.com from 200.222.39.242;['MICROSOFT_GRAPH_SIGN_IN', 'MICROSOFT_OFFICE_MANAGEMENT'];OPEN;False;[];[{'mitre_attack_info': None}]
5;['TA0006'];['city:3451190', 'country:3469034', 'ipAddress:200.222.39.242', 'latLon:-22.9201,-43.0811', 'sensorId:4891bf7a-ad0c-44b6-88ac-904b92b4842e', 'sensorType:MICROSOFT_GRAPH_SIGN_IN', 'sourceIpAddress:200.222.39.242', 'targetUserName:sync_ntqsvr06_11f250d03eba@nortecquimica.onmicrosoft.com', 'userName:sync_ntqsvr06_11f250d03eba@nortecquimica.onmicrosoft.com'];[{'from_entity': 'sourceIpAddress:200.222.39.242', 'relationship': 'geolocatedAt', 'to_entity': 'city:3451190'}, {'from_entity': 'sourceIpAddress:200.222.39.242', 'relationship': 'geolocatedAt', 'to_entity': 'country:3469034'}, {'from_entity': 'sourceIpAddress:200.222.39.242', 'relationship': 'geolocatedAt', 'to_entity': 'latLon:-22.9201,-43.0811'}];alert://priv:improbable-logon-detector:138529:1709762168086:a9be1165-c337-57f3-9873-9afdb4c6ce19;[{'id': '4d731b31-3761-48e8-b739-d9bcc6e03318'}];0.5;1709762168;app:detect:improbable-logon-detector;0.0.1;ff386ff2-3697-59a9-83e5-c7a1f2929c87;1699366426;app:detect:improbable-logon-detector;0.1;RESEARCH: XDR has detected a successful authentication with rare or previously unobserved properties by sync_ntqsvr06_11f250d03eba@nortecquimica.onmicrosoft.com from 200.222.39.242;['MICROSOFT_GRAPH_SIGN_IN'];OPEN;False;None;[{'mitre_attack_info': None}]
6;['TA0006'];['city:3451190', 'country:3469034', 'ipAddress:200.222.39.242', 'latLon:-22.9201,-43.0811', 'sensorId:4891bf7a-ad0c-44b6-88ac-904b92b4842e', 'sensorType:MICROSOFT_GRAPH_SIGN_IN', 'sourceIpAddress:200.222.39.242', 'targetUserName:sync_ntqsvr06_11f250d03eba@nortecquimica.onmicrosoft.com', 'userName:sync_ntqsvr06_11f250d03eba@nortecquimica.onmicrosoft.com', 'sensorType:MICROSOFT_OFFICE_MANAGEMENT', 'targetAuthDomainName:nortecquimica.onmicrosoft.com', 'targetUserName:Sync_NTQSVR06_11f250d03eba@nortecquimica.onmicrosoft.com', 'userName:Sync_NTQSVR06_11f250d03eba@nortecquimica.onmicrosoft.com'];[{'from_entity': 'sourceIpAddress:200.222.39.242', 'relationship': 'geolocatedAt', 'to_entity': 'city:3451190'}, {'from_entity': 'sourceIpAddress:200.222.39.242', 'relationship': 'geolocatedAt', 'to_entity': 'country:3469034'}, {'from_entity': 'sourceIpAddress:200.222.39.242', 'relationship': 'geolocatedAt', 'to_entity': 'latLon:-22.9201,-43.0811'}];alert://priv:improbable-logon-detector:138529:1709760140003:0938ee04-aedc-510f-b89e-17c22389baed;[{'id': '4d731b31-3761-48e8-b739-d9bcc6e03318'}];0.5;1709760140;app:detect:improbable-logon-detector;0.0.1;ff386ff2-3697-59a9-83e5-c7a1f2929c87;1699366426;app:detect:improbable-logon-detector;0.1;RESEARCH: XDR has detected a successful authentication with rare or previously unobserved properties by sync_ntqsvr06_11f250d03eba@nortecquimica.onmicrosoft.com from 200.222.39.242;['MICROSOFT_GRAPH_SIGN_IN', 'MICROSOFT_OFFICE_MANAGEMENT'];OPEN;False;[];[{'mitre_attack_info': None}]
7;['TA0006'];['city:3451190', 'country:3469034', 'ipAddress:200.222.39.242', 'latLon:-22.9201,-43.0811', 'sensorId:4891bf7a-ad0c-44b6-88ac-904b92b4842e', 'sensorType:MICROSOFT_OFFICE_MANAGEMENT', 'sourceIpAddress:200.222.39.242', 'targetAuthDomainName:nortecquimica.onmicrosoft.com', 'targetUserName:Sync_NTQSVR06_11f250d03eba@nortecquimica.onmicrosoft.com', 'userName:Sync_NTQSVR06_11f250d03eba@nortecquimica.onmicrosoft.com', 'sensorType:MICROSOFT_GRAPH_SIGN_IN', 'targetUserName:sync_ntqsvr06_11f250d03eba@nortecquimica.onmicrosoft.com', 'userName:sync_ntqsvr06_11f250d03eba@nortecquimica.onmicrosoft.com'];[{'from_entity': 'sourceIpAddress:200.222.39.242', 'relationship': 'geolocatedAt', 'to_entity': 'city:3451190'}, {'from_entity': 'sourceIpAddress:200.222.39.242', 'relationship': 'geolocatedAt', 'to_entity': 'country:3469034'}, {'from_entity': 'sourceIpAddress:200.222.39.242', 'relationship': 'geolocatedAt', 'to_entity': 'latLon:-22.9201,-43.0811'}];alert://priv:improbable-logon-detector:138529:1709758238684:b3db603a-25c8-56ba-a954-0a62a621a33c;[{'id': '4d731b31-3761-48e8-b739-d9bcc6e03318'}];0.5;1709758238;app:detect:improbable-logon-detector;0.0.1;ff386ff2-3697-59a9-83e5-c7a1f2929c87;1699366426;app:detect:improbable-logon-detector;0.1;RESEARCH: XDR has detected a successful authentication with rare or previously unobserved properties by sync_ntqsvr06_11f250d03eba@nortecquimica.onmicrosoft.com from 200.222.39.242;['MICROSOFT_OFFICE_MANAGEMENT', 'MICROSOFT_GRAPH_SIGN_IN'];OPEN;False;[];[{'mitre_attack_info': None}]
8;['TA0006'];['city:3451190', 'country:3469034', 'ipAddress:200.222.39.242', 'latLon:-22.9201,-43.0811', 'sensorId:4891bf7a-ad0c-44b6-88ac-904b92b4842e', 'sensorType:MICROSOFT_GRAPH_SIGN_IN', 'sourceIpAddress:200.222.39.242', 'targetUserName:sync_ntqsvr06_11f250d03eba@nortecquimica.onmicrosoft.com', 'userName:sync_ntqsvr06_11f250d03eba@nortecquimica.onmicrosoft.com', 'sensorType:MICROSOFT_OFFICE_MANAGEMENT', 'targetAuthDomainName:nortecquimica.onmicrosoft.com', 'targetUserName:Sync_NTQSVR06_11f250d03eba@nortecquimica.onmicrosoft.com', 'userName:Sync_NTQSVR06_11f250d03eba@nortecquimica.onmicrosoft.com'];[{'from_entity': 'sourceIpAddress:200.222.39.242', 'relationship': 'geolocatedAt', 'to_entity': 'city:3451190'}, {'from_entity': 'sourceIpAddress:200.222.39.242', 'relationship': 'geolocatedAt', 'to_entity': 'country:3469034'}, {'from_entity': 'sourceIpAddress:200.222.39.242', 'relationship': 'geolocatedAt', 'to_entity': 'latLon:-22.9201,-43.0811'}];alert://priv:improbable-logon-detector:138529:1709756360317:66348f1a-ed56-532a-bab1-586d6062e6f9;[{'id': '4d731b31-3761-48e8-b739-d9bcc6e03318'}];0.5;1709756360;app:detect:improbable-logon-detector;0.0.1;ff386ff2-3697-59a9-83e5-c7a1f2929c87;1699366426;app:detect:improbable-logon-detector;0.1;RESEARCH: XDR has detected a successful authentication with rare or previously unobserved properties by sync_ntqsvr06_11f250d03eba@nortecquimica.onmicrosoft.com from 200.222.39.242;['MICROSOFT_GRAPH_SIGN_IN', 'MICROSOFT_OFFICE_MANAGEMENT'];OPEN;False;[];[{'mitre_attack_info': None}]
9;['TA0006'];['city:3451190', 'country:3469034', 'ipAddress:200.222.39.242', 'latLon:-22.9201,-43.0811', 'sensorId:4891bf7a-ad0c-44b6-88ac-904b92b4842e', 'sensorType:MICROSOFT_GRAPH_SIGN_IN', 'sourceIpAddress:200.222.39.242', 'targetUserName:sync_ntqsvr06_11f250d03eba@nortecquimica.onmicrosoft.com', 'userName:sync_ntqsvr06_11f250d03eba@nortecquimica.onmicrosoft.com', 'sensorType:MICROSOFT_OFFICE_MANAGEMENT', 'targetAuthDomainName:nortecquimica.onmicrosoft.com', 'targetUserName:Sync_NTQSVR06_11f250d03eba@nortecquimica.onmicrosoft.com', 'userName:Sync_NTQSVR06_11f250d03eba@nortecquimica.onmicrosoft.com'];[{'from_entity': 'sourceIpAddress:200.222.39.242', 'relationship': 'geolocatedAt', 'to_entity': 'city:3451190'}, {'from_entity': 'sourceIpAddress:200.222.39.242', 'relationship': 'geolocatedAt', 'to_entity': 'country:3469034'}, {'from_entity': 'sourceIpAddress:200.222.39.242', 'relationship': 'geolocatedAt', 'to_entity': 'latLon:-22.9201,-43.0811'}];alert://priv:improbable-logon-detector:138529:1709754595879:c9118991-8163-5af8-ae4b-6edfc9bd2cc2;[{'id': '4d731b31-3761-48e8-b739-d9bcc6e03318'}];0.5;1709754595;app:detect:improbable-logon-detector;0.0.1;ff386ff2-3697-59a9-83e5-c7a1f2929c87;1699366426;app:detect:improbable-logon-detector;0.1;RESEARCH: XDR has detected a successful authentication with rare or previously unobserved properties by sync_ntqsvr06_11f250d03eba@nortecquimica.onmicrosoft.com from 200.222.39.242;['MICROSOFT_GRAPH_SIGN_IN', 'MICROSOFT_OFFICE_MANAGEMENT'];OPEN;False;[];[{'mitre_attack_info': None}]
10;['TA0006'];['city:3451190', 'country:3469034', 'ipAddress:200.222.39.242', 'latLon:-22.9201,-43.0811', 'sensorId:4891bf7a-ad0c-44b6-88ac-904b92b4842e', 'sensorType:MICROSOFT_GRAPH_SIGN_IN', 'sourceIpAddress:200.222.39.242', 'targetUserName:sync_ntqsvr06_11f250d03eba@nortecquimica.onmicrosoft.com', 'userName:sync_ntqsvr06_11f250d03eba@nortecquimica.onmicrosoft.com', 'sensorType:MICROSOFT_OFFICE_MANAGEMENT', 'targetAuthDomainName:nortecquimica.onmicrosoft.com', 'targetUserName:Sync_NTQSVR06_11f250d03eba@nortecquimica.onmicrosoft.com', 'userName:Sync_NTQSVR06_11f250d03eba@nortecquimica.onmicrosoft.com'];[{'from_entity': 'sourceIpAddress:200.222.39.242', 'relationship': 'geolocatedAt', 'to_entity': 'city:3451190'}, {'from_entity': 'sourceIpAddress:200.222.39.242', 'relationship': 'geolocatedAt', 'to_entity': 'country:3469034'}, {'from_entity': 'sourceIpAddress:200.222.39.242', 'relationship': 'geolocatedAt', 'to_entity': 'latLon:-22.9201,-43.0811'}];alert://priv:improbable-logon-detector:138529:1709752996306:8b7a7fbe-cec4-562c-973b-20d30035ab79;[{'id': '4d731b31-3761-48e8-b739-d9bcc6e03318'}];0.5;1709752996;app:detect:improbable-logon-detector;0.0.1;ff386ff2-3697-59a9-83e5-c7a1f2929c87;1699366426;app:detect:improbable-logon-detector;0.1;RESEARCH: XDR has detected a successful authentication with rare or previously unobserved properties by sync_ntqsvr06_11f250d03eba@nortecquimica.onmicrosoft.com from 200.222.39.242;['MICROSOFT_GRAPH_SIGN_IN', 'MICROSOFT_OFFICE_MANAGEMENT'];OPEN;False;[];[{'mitre_attack_info': None}]
11;['TA0006'];['city:3451190', 'country:3469034', 'ipAddress:200.222.39.242', 'latLon:-22.9201,-43.0811', 'sensorId:4891bf7a-ad0c-44b6-88ac-904b92b4842e', 'sensorType:MICROSOFT_GRAPH_SIGN_IN', 'sourceIpAddress:200.222.39.242', 'targetUserName:sync_ntqsvr06_11f250d03eba@nortecquimica.onmicrosoft.com', 'userName:sync_ntqsvr06_11f250d03eba@nortecquimica.onmicrosoft.com', 'sensorType:MICROSOFT_OFFICE_MANAGEMENT', 'targetAuthDomainName:nortecquimica.onmicrosoft.com', 'targetUserName:Sync_NTQSVR06_11f250d03eba@nortecquimica.onmicrosoft.com', 'userName:Sync_NTQSVR06_11f250d03eba@nortecquimica.onmicrosoft.com'];[{'from_entity': 'sourceIpAddress:200.222.39.242', 'relationship': 'geolocatedAt', 'to_entity': 'city:3451190'}, {'from_entity': 'sourceIpAddress:200.222.39.242', 'relationship': 'geolocatedAt', 'to_entity': 'country:3469034'}, {'from_entity': 'sourceIpAddress:200.222.39.242', 'relationship': 'geolocatedAt', 'to_entity': 'latLon:-22.9201,-43.0811'}];alert://priv:improbable-logon-detector:138529:1709750719471:4232a61c-9fec-5167-acc2-1ddaec91d05e;[{'id': '4d731b31-3761-48e8-b739-d9bcc6e03318'}];0.5;1709750719;app:detect:improbable-logon-detector;0.0.1;ff386ff2-3697-59a9-83e5-c7a1f2929c87;1699366426;app:detect:improbable-logon-detector;0.1;RESEARCH: XDR has detected a successful authentication with rare or previously unobserved properties by sync_ntqsvr06_11f250d03eba@nortecquimica.onmicrosoft.com from 200.222.39.242;['MICROSOFT_GRAPH_SIGN_IN', 'MICROSOFT_OFFICE_MANAGEMENT'];OPEN;False;[];[{'mitre_attack_info': None}]
12;['T1585'];['sensorId:4891bf7a-ad0c-44b6-88ac-904b92b4842e', 'sensorType:MICROSOFT_OFFICE_MANAGEMENT', 'sourceUserName:rafhael.faria@nortecquimica.com.br', 'userName:rafhael.faria@nortecquimica.com.br'];None;alert://priv:event-filter:138529:1709749424119:06ee4289-6315-5237-bf33-27732c40ad49;None;0.2;1709749424;app:event-filter;v0.33.95;610712f6-a32c-4482-a6ad-8a71c712edd5;sha1=dfddb2cbc95a999a62071054e061dffb05ad653f-1698154698;app:event-filter;0.2;Member Added in Microsoft Teams;['MICROSOFT_OFFICE_MANAGEMENT'];OPEN;False;None;[{'mitre_attack_info': {'tactics': ['resource-development'], 'technique_id': 'T1585'}}]
13;['TA0006'];['city:3451190', 'country:3469034', 'ipAddress:200.222.39.242', 'latLon:-22.9201,-43.0811', 'sensorId:4891bf7a-ad0c-44b6-88ac-904b92b4842e', 'sensorType:MICROSOFT_GRAPH_SIGN_IN', 'sourceIpAddress:200.222.39.242', 'targetUserName:sync_ntqsvr06_11f250d03eba@nortecquimica.onmicrosoft.com', 'userName:sync_ntqsvr06_11f250d03eba@nortecquimica.onmicrosoft.com', 'sensorType:MICROSOFT_OFFICE_MANAGEMENT', 'targetAuthDomainName:nortecquimica.onmicrosoft.com', 'targetUserName:Sync_NTQSVR06_11f250d03eba@nortecquimica.onmicrosoft.com', 'userName:Sync_NTQSVR06_11f250d03eba@nortecquimica.onmicrosoft.com'];[{'from_entity': 'sourceIpAddress:200.222.39.242', 'relationship': 'geolocatedAt', 'to_entity': 'country:3469034'}, {'from_entity': 'sourceIpAddress:200.222.39.242', 'relationship': 'geolocatedAt', 'to_entity': 'latLon:-22.9201,-43.0811'}, {'from_entity': 'sourceIpAddress:200.222.39.242', 'relationship': 'geolocatedAt', 'to_entity': 'city:3451190'}];alert://priv:improbable-logon-detector:138529:1709749014102:db59649a-ecb0-5f92-b27c-e4e80b945c54;[{'id': '4d731b31-3761-48e8-b739-d9bcc6e03318'}];0.5;1709749014;app:detect:improbable-logon-detector;0.0.1;ff386ff2-3697-59a9-83e5-c7a1f2929c87;1699366426;app:detect:improbable-logon-detector;0.1;RESEARCH: XDR has detected a successful authentication with rare or previously unobserved properties by sync_ntqsvr06_11f250d03eba@nortecquimica.onmicrosoft.com from 200.222.39.242;['MICROSOFT_GRAPH_SIGN_IN', 'MICROSOFT_OFFICE_MANAGEMENT'];OPEN;False;[];[{'mitre_attack_info': None}]
14;['TA0006'];['city:3451190', 'country:3469034', 'ipAddress:200.222.39.242', 'latLon:-22.9201,-43.0811', 'sensorId:4891bf7a-ad0c-44b6-88ac-904b92b4842e', 'sensorType:MICROSOFT_GRAPH_SIGN_IN', 'sourceIpAddress:200.222.39.242', 'targetUserName:sync_ntqsvr06_11f250d03eba@nortecquimica.onmicrosoft.com', 'userName:sync_ntqsvr06_11f250d03eba@nortecquimica.onmicrosoft.com', 'sensorType:MICROSOFT_OFFICE_MANAGEMENT', 'targetAuthDomainName:nortecquimica.onmicrosoft.com', 'targetUserName:Sync_NTQSVR06_11f250d03eba@nortecquimica.onmicrosoft.com', 'userName:Sync_NTQSVR06_11f250d03eba@nortecquimica.onmicrosoft.com'];[{'from_entity': 'sourceIpAddress:200.222.39.242', 'relationship': 'geolocatedAt', 'to_entity': 'country:3469034'}, {'from_entity': 'sourceIpAddress:200.222.39.242', 'relationship': 'geolocatedAt', 'to_entity': 'latLon:-22.9201,-43.0811'}, {'from_entity': 'sourceIpAddress:200.222.39.242', 'relationship': 'geolocatedAt', 'to_entity': 'city:3451190'}];alert://priv:improbable-logon-detector:138529:1709747398743:9d8c9749-f097-58de-8712-b08404347854;[{'id': '4d731b31-3761-48e8-b739-d9bcc6e03318'}];0.5;1709747398;app:detect:improbable-logon-detector;0.0.1;ff386ff2-3697-59a9-83e5-c7a1f2929c87;1699366426;app:detect:improbable-logon-detector;0.1;RESEARCH: XDR has detected a successful authentication with rare or previously unobserved properties by sync_ntqsvr06_11f250d03eba@nortecquimica.onmicrosoft.com from 200.222.39.242;['MICROSOFT_GRAPH_SIGN_IN', 'MICROSOFT_OFFICE_MANAGEMENT'];OPEN;False;[];[{'mitre_attack_info': None}]
15;['TA0006'];['city:3451190', 'country:3469034', 'ipAddress:200.222.39.242', 'latLon:-22.9201,-43.0811', 'sensorId:4891bf7a-ad0c-44b6-88ac-904b92b4842e', 'sensorType:MICROSOFT_GRAPH_SIGN_IN', 'sourceIpAddress:200.222.39.242', 'targetUserName:sync_ntqsvr06_11f250d03eba@nortecquimica.onmicrosoft.com', 'userName:sync_ntqsvr06_11f250d03eba@nortecquimica.onmicrosoft.com', 'sensorType:MICROSOFT_OFFICE_MANAGEMENT', 'targetAuthDomainName:nortecquimica.onmicrosoft.com', 'targetUserName:Sync_NTQSVR06_11f250d03eba@nortecquimica.onmicrosoft.com', 'userName:Sync_NTQSVR06_11f250d03eba@nortecquimica.onmicrosoft.com'];[{'from_entity': 'sourceIpAddress:200.222.39.242', 'relationship': 'geolocatedAt', 'to_entity': 'country:3469034'}, {'from_entity': 'sourceIpAddress:200.222.39.242', 'relationship': 'geolocatedAt', 'to_entity': 'latLon:-22.9201,-43.0811'}, {'from_entity': 'sourceIpAddress:200.222.39.242', 'relationship': 'geolocatedAt', 'to_entity': 'city:3451190'}];alert://priv:improbable-logon-detector:138529:1709745320262:74ebb385-26a2-5e17-985e-d169cc92f684;[{'id': '4d731b31-3761-48e8-b739-d9bcc6e03318'}];0.5;1709745320;app:detect:improbable-logon-detector;0.0.1;ff386ff2-3697-59a9-83e5-c7a1f2929c87;1699366426;app:detect:improbable-logon-detector;0.1;RESEARCH: XDR has detected a successful authentication with rare or previously unobserved properties by sync_ntqsvr06_11f250d03eba@nortecquimica.onmicrosoft.com from 200.222.39.242;['MICROSOFT_GRAPH_SIGN_IN', 'MICROSOFT_OFFICE_MANAGEMENT'];OPEN;False;[];[{'mitre_attack_info': None}]
16;['TA0006'];['city:3451190', 'country:3469034', 'ipAddress:200.222.39.242', 'latLon:-22.9201,-43.0811', 'sensorId:4891bf7a-ad0c-44b6-88ac-904b92b4842e', 'sensorType:MICROSOFT_GRAPH_SIGN_IN', 'sourceIpAddress:200.222.39.242', 'targetUserName:sync_ntqsvr06_11f250d03eba@nortecquimica.onmicrosoft.com', 'userName:sync_ntqsvr06_11f250d03eba@nortecquimica.onmicrosoft.com', 'sensorType:MICROSOFT_OFFICE_MANAGEMENT', 'targetAuthDomainName:nortecquimica.onmicrosoft.com', 'targetUserName:Sync_NTQSVR06_11f250d03eba@nortecquimica.onmicrosoft.com', 'userName:Sync_NTQSVR06_11f250d03eba@nortecquimica.onmicrosoft.com'];[{'from_entity': 'sourceIpAddress:200.222.39.242', 'relationship': 'geolocatedAt', 'to_entity': 'city:3451190'}, {'from_entity': 'sourceIpAddress:200.222.39.242', 'relationship': 'geolocatedAt', 'to_entity': 'country:3469034'}, {'from_entity': 'sourceIpAddress:200.222.39.242', 'relationship': 'geolocatedAt', 'to_entity': 'latLon:-22.9201,-43.0811'}];alert://priv:improbable-logon-detector:138529:1709743958898:c8142ebb-cae9-5042-bd6b-1d697c838698;[{'id': '4d731b31-3761-48e8-b739-d9bcc6e03318'}];0.5;1709743958;app:detect:improbable-logon-detector;0.0.1;ff386ff2-3697-59a9-83e5-c7a1f2929c87;1699366426;app:detect:improbable-logon-detector;0.1;RESEARCH: XDR has detected a successful authentication with rare or previously unobserved properties by sync_ntqsvr06_11f250d03eba@nortecquimica.onmicrosoft.com from 200.222.39.242;['MICROSOFT_GRAPH_SIGN_IN', 'MICROSOFT_OFFICE_MANAGEMENT'];OPEN;False;[];[{'mitre_attack_info': None}]
17;['TA0006'];['city:3451190', 'country:3469034', 'ipAddress:200.222.39.242', 'latLon:-22.9201,-43.0811', 'sensorId:4891bf7a-ad0c-44b6-88ac-904b92b4842e', 'sensorType:MICROSOFT_GRAPH_SIGN_IN', 'sourceIpAddress:200.222.39.242', 'targetUserName:sync_ntqsvr06_11f250d03eba@nortecquimica.onmicrosoft.com', 'userName:sync_ntqsvr06_11f250d03eba@nortecquimica.onmicrosoft.com', 'sensorType:MICROSOFT_OFFICE_MANAGEMENT', 'targetAuthDomainName:nortecquimica.onmicrosoft.com', 'targetUserName:Sync_NTQSVR06_11f250d03eba@nortecquimica.onmicrosoft.com', 'userName:Sync_NTQSVR06_11f250d03eba@nortecquimica.onmicrosoft.com'];[{'from_entity': 'sourceIpAddress:200.222.39.242', 'relationship': 'geolocatedAt', 'to_entity': 'city:3451190'}, {'from_entity': 'sourceIpAddress:200.222.39.242', 'relationship': 'geolocatedAt', 'to_entity': 'country:3469034'}, {'from_entity': 'sourceIpAddress:200.222.39.242', 'relationship': 'geolocatedAt', 'to_entity': 'latLon:-22.9201,-43.0811'}];alert://priv:improbable-logon-detector:138529:1709741960097:5ad83abb-ce47-5ca8-bb07-033e73dae854;[{'id': '4d731b31-3761-48e8-b739-d9bcc6e03318'}];0.5;1709741960;app:detect:improbable-logon-detector;0.0.1;ff386ff2-3697-59a9-83e5-c7a1f2929c87;1699366426;app:detect:improbable-logon-detector;0.1;RESEARCH: XDR has detected a successful authentication with rare or previously unobserved properties by sync_ntqsvr06_11f250d03eba@nortecquimica.onmicrosoft.com from 200.222.39.242;['MICROSOFT_GRAPH_SIGN_IN', 'MICROSOFT_OFFICE_MANAGEMENT'];OPEN;False;[];[{'mitre_attack_info': None}]
18;['TA0006'];['city:3451190', 'country:3469034', 'ipAddress:200.222.39.242', 'latLon:-22.9201,-43.0811', 'sensorId:4891bf7a-ad0c-44b6-88ac-904b92b4842e', 'sensorType:MICROSOFT_GRAPH_SIGN_IN', 'sourceIpAddress:200.222.39.242', 'targetUserName:sync_ntqsvr06_11f250d03eba@nortecquimica.onmicrosoft.com', 'userName:sync_ntqsvr06_11f250d03eba@nortecquimica.onmicrosoft.com', 'sensorType:MICROSOFT_OFFICE_MANAGEMENT', 'targetAuthDomainName:nortecquimica.onmicrosoft.com', 'targetUserName:Sync_NTQSVR06_11f250d03eba@nortecquimica.onmicrosoft.com', 'userName:Sync_NTQSVR06_11f250d03eba@nortecquimica.onmicrosoft.com'];[{'from_entity': 'sourceIpAddress:200.222.39.242', 'relationship': 'geolocatedAt', 'to_entity': 'city:3451190'}, {'from_entity': 'sourceIpAddress:200.222.39.242', 'relationship': 'geolocatedAt', 'to_entity': 'country:3469034'}, {'from_entity': 'sourceIpAddress:200.222.39.242', 'relationship': 'geolocatedAt', 'to_entity': 'latLon:-22.9201,-43.0811'}];alert://priv:improbable-logon-detector:138529:1709740074648:ded08d05-cc42-5813-a8b5-56d2d68637a2;[{'id': '4d731b31-3761-48e8-b739-d9bcc6e03318'}];0.5;1709740074;app:detect:improbable-logon-detector;0.0.1;ff386ff2-3697-59a9-83e5-c7a1f2929c87;1699366426;app:detect:improbable-logon-detector;0.1;RESEARCH: XDR has detected a successful authentication with rare or previously unobserved properties by sync_ntqsvr06_11f250d03eba@nortecquimica.onmicrosoft.com from 200.222.39.242;['MICROSOFT_GRAPH_SIGN_IN', 'MICROSOFT_OFFICE_MANAGEMENT'];OPEN;False;[];[{'mitre_attack_info': None}]
19;['TA0006'];['city:3451190', 'country:3469034', 'ipAddress:200.222.39.242', 'latLon:-22.9201,-43.0811', 'sensorId:4891bf7a-ad0c-44b6-88ac-904b92b4842e', 'sensorType:MICROSOFT_GRAPH_SIGN_IN', 'sourceIpAddress:200.222.39.242', 'targetUserName:sync_ntqsvr06_11f250d03eba@nortecquimica.onmicrosoft.com', 'userName:sync_ntqsvr06_11f250d03eba@nortecquimica.onmicrosoft.com', 'sensorType:MICROSOFT_OFFICE_MANAGEMENT', 'targetAuthDomainName:nortecquimica.onmicrosoft.com', 'targetUserName:Sync_NTQSVR06_11f250d03eba@nortecquimica.onmicrosoft.com', 'userName:Sync_NTQSVR06_11f250d03eba@nortecquimica.onmicrosoft.com'];[{'from_entity': 'sourceIpAddress:200.222.39.242', 'relationship': 'geolocatedAt', 'to_entity': 'city:3451190'}, {'from_entity': 'sourceIpAddress:200.222.39.242', 'relationship': 'geolocatedAt', 'to_entity': 'country:3469034'}, {'from_entity': 'sourceIpAddress:200.222.39.242', 'relationship': 'geolocatedAt', 'to_entity': 'latLon:-22.9201,-43.0811'}];alert://priv:improbable-logon-detector:138529:1709738202787:0d6472c2-d1e9-5ab5-ba58-c5e6f8932f98;[{'id': '4d731b31-3761-48e8-b739-d9bcc6e03318'}];0.5;1709738202;app:detect:improbable-logon-detector;0.0.1;ff386ff2-3697-59a9-83e5-c7a1f2929c87;1699366426;app:detect:improbable-logon-detector;0.1;RESEARCH: XDR has detected a successful authentication with rare or previously unobserved properties by sync_ntqsvr06_11f250d03eba@nortecquimica.onmicrosoft.com from 200.222.39.242;['MICROSOFT_GRAPH_SIGN_IN', 'MICROSOFT_OFFICE_MANAGEMENT'];OPEN;False;[];[{'mitre_attack_info': None}]
20;['TA0006'];['city:3451190', 'country:3469034', 'ipAddress:200.222.39.242', 'latLon:-22.9201,-43.0811', 'sensorId:4891bf7a-ad0c-44b6-88ac-904b92b4842e', 'sensorType:MICROSOFT_GRAPH_SIGN_IN', 'sourceIpAddress:200.222.39.242', 'targetUserName:sync_ntqsvr06_11f250d03eba@nortecquimica.onmicrosoft.com', 'userName:sync_ntqsvr06_11f250d03eba@nortecquimica.onmicrosoft.com', 'sensorType:MICROSOFT_OFFICE_MANAGEMENT', 'targetAuthDomainName:nortecquimica.onmicrosoft.com', 'targetUserName:Sync_NTQSVR06_11f250d03eba@nortecquimica.onmicrosoft.com', 'userName:Sync_NTQSVR06_11f250d03eba@nortecquimica.onmicrosoft.com'];[{'from_entity': 'sourceIpAddress:200.222.39.242', 'relationship': 'geolocatedAt', 'to_entity': 'latLon:-22.9201,-43.0811'}, {'from_entity': 'sourceIpAddress:200.222.39.242', 'relationship': 'geolocatedAt', 'to_entity': 'city:3451190'}, {'from_entity': 'sourceIpAddress:200.222.39.242', 'relationship': 'geolocatedAt', 'to_entity': 'country:3469034'}];alert://priv:improbable-logon-detector:138529:1709736304486:41378930-d513-57e6-b5bf-584bb3f589d4;[{'id': '4d731b31-3761-48e8-b739-d9bcc6e03318'}];0.5;1709736304;app:detect:improbable-logon-detector;0.0.1;ff386ff2-3697-59a9-83e5-c7a1f2929c87;1699366426;app:detect:improbable-logon-detector;0.1;RESEARCH: XDR has detected a successful authentication with rare or previously unobserved properties by sync_ntqsvr06_11f250d03eba@nortecquimica.onmicrosoft.com from 200.222.39.242;['MICROSOFT_GRAPH_SIGN_IN', 'MICROSOFT_OFFICE_MANAGEMENT'];OPEN;False;[];[{'mitre_attack_info': None}]
21;['TA0006'];['city:3451190', 'country:3469034', 'ipAddress:200.222.39.242', 'latLon:-22.9201,-43.0811', 'sensorId:4891bf7a-ad0c-44b6-88ac-904b92b4842e', 'sensorType:MICROSOFT_GRAPH_SIGN_IN', 'sourceIpAddress:200.222.39.242', 'targetUserName:sync_ntqsvr06_11f250d03eba@nortecquimica.onmicrosoft.com', 'userName:sync_ntqsvr06_11f250d03eba@nortecquimica.onmicrosoft.com', 'sensorType:MICROSOFT_OFFICE_MANAGEMENT', 'targetAuthDomainName:nortecquimica.onmicrosoft.com', 'targetUserName:Sync_NTQSVR06_11f250d03eba@nortecquimica.onmicrosoft.com', 'userName:Sync_NTQSVR06_11f250d03eba@nortecquimica.onmicrosoft.com'];[{'from_entity': 'sourceIpAddress:200.222.39.242', 'relationship': 'geolocatedAt', 'to_entity': 'latLon:-22.9201,-43.0811'}, {'from_entity': 'sourceIpAddress:200.222.39.242', 'relationship': 'geolocatedAt', 'to_entity': 'city:3451190'}, {'from_entity': 'sourceIpAddress:200.222.39.242', 'relationship': 'geolocatedAt', 'to_entity': 'country:3469034'}];alert://priv:improbable-logon-detector:138529:1709735079494:bf71c6ca-2129-5f0a-8b36-ed848fc23a1a;[{'id': '4d731b31-3761-48e8-b739-d9bcc6e03318'}];0.5;1709735079;app:detect:improbable-logon-detector;0.0.1;ff386ff2-3697-59a9-83e5-c7a1f2929c87;1699366426;app:detect:improbable-logon-detector;0.1;RESEARCH: XDR has detected a successful authentication with rare or previously unobserved properties by sync_ntqsvr06_11f250d03eba@nortecquimica.onmicrosoft.com from 200.222.39.242;['MICROSOFT_GRAPH_SIGN_IN', 'MICROSOFT_OFFICE_MANAGEMENT'];OPEN;False;[];[{'mitre_attack_info': None}]
22;['TA0006'];['city:3451190', 'country:3469034', 'ipAddress:200.222.39.242', 'latLon:-22.9201,-43.0811', 'sensorId:4891bf7a-ad0c-44b6-88ac-904b92b4842e', 'sensorType:MICROSOFT_GRAPH_SIGN_IN', 'sourceIpAddress:200.222.39.242', 'targetUserName:sync_ntqsvr06_11f250d03eba@nortecquimica.onmicrosoft.com', 'userName:sync_ntqsvr06_11f250d03eba@nortecquimica.onmicrosoft.com', 'sensorType:MICROSOFT_OFFICE_MANAGEMENT', 'targetAuthDomainName:nortecquimica.onmicrosoft.com', 'targetUserName:Sync_NTQSVR06_11f250d03eba@nortecquimica.onmicrosoft.com', 'userName:Sync_NTQSVR06_11f250d03eba@nortecquimica.onmicrosoft.com'];[{'from_entity': 'sourceIpAddress:200.222.39.242', 'relationship': 'geolocatedAt', 'to_entity': 'country:3469034'}, {'from_entity': 'sourceIpAddress:200.222.39.242', 'relationship': 'geolocatedAt', 'to_entity': 'latLon:-22.9201,-43.0811'}, {'from_entity': 'sourceIpAddress:200.222.39.242', 'relationship': 'geolocatedAt', 'to_entity': 'city:3451190'}];alert://priv:improbable-logon-detector:138529:1709734455412:9f76b1b6-0afc-5731-a6cd-24a28ece8613;[{'id': '4d731b31-3761-48e8-b739-d9bcc6e03318'}];0.5;1709734455;app:detect:improbable-logon-detector;0.0.1;ff386ff2-3697-59a9-83e5-c7a1f2929c87;1699366426;app:detect:improbable-logon-detector;0.1;RESEARCH: XDR has detected a successful authentication with rare or previously unobserved properties by sync_ntqsvr06_11f250d03eba@nortecquimica.onmicrosoft.com from 200.222.39.242;['MICROSOFT_GRAPH_SIGN_IN', 'MICROSOFT_OFFICE_MANAGEMENT'];OPEN;False;[];[{'mitre_attack_info': None}]
23;['TA0006'];['city:3451190', 'country:3469034', 'ipAddress:200.222.39.242', 'latLon:-22.9201,-43.0811', 'sensorId:4891bf7a-ad0c-44b6-88ac-904b92b4842e', 'sensorType:MICROSOFT_GRAPH_SIGN_IN', 'sourceIpAddress:200.222.39.242', 'targetUserName:sync_ntqsvr06_11f250d03eba@nortecquimica.onmicrosoft.com', 'userName:sync_ntqsvr06_11f250d03eba@nortecquimica.onmicrosoft.com'];[{'from_entity': 'sourceIpAddress:200.222.39.242', 'relationship': 'geolocatedAt', 'to_entity': 'city:3451190'}, {'from_entity': 'sourceIpAddress:200.222.39.242', 'relationship': 'geolocatedAt', 'to_entity': 'country:3469034'}, {'from_entity': 'sourceIpAddress:200.222.39.242', 'relationship': 'geolocatedAt', 'to_entity': 'latLon:-22.9201,-43.0811'}];alert://priv:improbable-logon-detector:138529:1709733219922:a4bbe282-2024-58ad-aa3d-73d03632a325;[{'id': '4d731b31-3761-48e8-b739-d9bcc6e03318'}];0.5;1709733219;app:detect:improbable-logon-detector;0.0.1;ff386ff2-3697-59a9-83e5-c7a1f2929c87;1699366426;app:detect:improbable-logon-detector;0.1;RESEARCH: XDR has detected a successful authentication with rare or previously unobserved properties by sync_ntqsvr06_11f250d03eba@nortecquimica.onmicrosoft.com from 200.222.39.242;['MICROSOFT_GRAPH_SIGN_IN'];OPEN;False;None;[{'mitre_attack_info': None}]
24;['TA0006'];['city:3451190', 'country:3469034', 'ipAddress:200.222.39.242', 'latLon:-22.9201,-43.0811', 'sensorId:4891bf7a-ad0c-44b6-88ac-904b92b4842e', 'sensorType:MICROSOFT_GRAPH_SIGN_IN', 'sourceIpAddress:200.222.39.242', 'targetUserName:sync_ntqsvr06_11f250d03eba@nortecquimica.onmicrosoft.com', 'userName:sync_ntqsvr06_11f250d03eba@nortecquimica.onmicrosoft.com'];[{'from_entity': 'sourceIpAddress:200.222.39.242', 'relationship': 'geolocatedAt', 'to_entity': 'country:3469034'}, {'from_entity': 'sourceIpAddress:200.222.39.242', 'relationship': 'geolocatedAt', 'to_entity': 'latLon:-22.9201,-43.0811'}, {'from_entity': 'sourceIpAddress:200.222.39.242', 'relationship': 'geolocatedAt', 'to_entity': 'city:3451190'}];alert://priv:improbable-logon-detector:138529:1709731371599:714b92b0-b304-542b-8c28-ff97bd1cb056;[{'id': '4d731b31-3761-48e8-b739-d9bcc6e03318'}];0.5;1709731371;app:detect:improbable-logon-detector;0.0.1;ff386ff2-3697-59a9-83e5-c7a1f2929c87;1699366426;app:detect:improbable-logon-detector;0.1;RESEARCH: XDR has detected a successful authentication with rare or previously unobserved properties by sync_ntqsvr06_11f250d03eba@nortecquimica.onmicrosoft.com from 200.222.39.242;['MICROSOFT_GRAPH_SIGN_IN'];OPEN;False;None;[{'mitre_attack_info': None}]
25;['TA0006'];['city:3451190', 'country:3469034', 'ipAddress:200.222.39.242', 'latLon:-22.9201,-43.0811', 'sensorId:4891bf7a-ad0c-44b6-88ac-904b92b4842e', 'sensorType:MICROSOFT_GRAPH_SIGN_IN', 'sourceIpAddress:200.222.39.242', 'targetUserName:sync_ntqsvr06_11f250d03eba@nortecquimica.onmicrosoft.com', 'userName:sync_ntqsvr06_11f250d03eba@nortecquimica.onmicrosoft.com'];[{'from_entity': 'sourceIpAddress:200.222.39.242', 'relationship': 'geolocatedAt', 'to_entity': 'country:3469034'}, {'from_entity': 'sourceIpAddress:200.222.39.242', 'relationship': 'geolocatedAt', 'to_entity': 'latLon:-22.9201,-43.0811'}, {'from_entity': 'sourceIpAddress:200.222.39.242', 'relationship': 'geolocatedAt', 'to_entity': 'city:3451190'}];alert://priv:improbable-logon-detector:138529:1709731371599:73e312c0-3e18-54f4-a0db-47a4d725684f;[{'id': '4d731b31-3761-48e8-b739-d9bcc6e03318'}];0.5;1709731371;app:detect:improbable-logon-detector;0.0.1;ff386ff2-3697-59a9-83e5-c7a1f2929c87;1699366426;app:detect:improbable-logon-detector;0.1;RESEARCH: XDR has detected a successful authentication with rare or previously unobserved properties by sync_ntqsvr06_11f250d03eba@nortecquimica.onmicrosoft.com from 200.222.39.242;['MICROSOFT_GRAPH_SIGN_IN'];OPEN;False;None;[{'mitre_attack_info': None}]
26;['TA0006'];['city:3451190', 'country:3469034', 'ipAddress:200.222.39.242', 'latLon:-22.9201,-43.0811', 'sensorId:4891bf7a-ad0c-44b6-88ac-904b92b4842e', 'sensorType:MICROSOFT_OFFICE_MANAGEMENT', 'sourceIpAddress:200.222.39.242', 'targetAuthDomainName:nortecquimica.onmicrosoft.com', 'targetUserName:Sync_NTQSVR06_11f250d03eba@nortecquimica.onmicrosoft.com', 'userName:Sync_NTQSVR06_11f250d03eba@nortecquimica.onmicrosoft.com', 'sensorType:MICROSOFT_GRAPH_SIGN_IN', 'targetUserName:sync_ntqsvr06_11f250d03eba@nortecquimica.onmicrosoft.com', 'userName:sync_ntqsvr06_11f250d03eba@nortecquimica.onmicrosoft.com'];[{'from_entity': 'sourceIpAddress:200.222.39.242', 'relationship': 'geolocatedAt', 'to_entity': 'city:3451190'}, {'from_entity': 'sourceIpAddress:200.222.39.242', 'relationship': 'geolocatedAt', 'to_entity': 'country:3469034'}, {'from_entity': 'sourceIpAddress:200.222.39.242', 'relationship': 'geolocatedAt', 'to_entity': 'latLon:-22.9201,-43.0811'}];alert://priv:improbable-logon-detector:138529:1709729361326:72abe4af-b5fb-5cee-9c45-e4ede49178a5;[{'id': '4d731b31-3761-48e8-b739-d9bcc6e03318'}];0.5;1709729361;app:detect:improbable-logon-detector;0.0.1;ff386ff2-3697-59a9-83e5-c7a1f2929c87;1699366426;app:detect:improbable-logon-detector;0.1;RESEARCH: XDR has detected a successful authentication with rare or previously unobserved properties by sync_ntqsvr06_11f250d03eba@nortecquimica.onmicrosoft.com from 200.222.39.242;['MICROSOFT_OFFICE_MANAGEMENT', 'MICROSOFT_GRAPH_SIGN_IN'];OPEN;False;[];[{'mitre_attack_info': None}]
27;['TA0006'];['city:3451190', 'country:3469034', 'ipAddress:200.222.39.242', 'latLon:-22.9201,-43.0811', 'sensorId:4891bf7a-ad0c-44b6-88ac-904b92b4842e', 'sensorType:MICROSOFT_OFFICE_MANAGEMENT', 'sourceIpAddress:200.222.39.242', 'targetAuthDomainName:nortecquimica.onmicrosoft.com', 'targetUserName:Sync_NTQSVR06_11f250d03eba@nortecquimica.onmicrosoft.com', 'userName:Sync_NTQSVR06_11f250d03eba@nortecquimica.onmicrosoft.com', 'sensorType:MICROSOFT_GRAPH_SIGN_IN', 'targetUserName:sync_ntqsvr06_11f250d03eba@nortecquimica.onmicrosoft.com', 'userName:sync_ntqsvr06_11f250d03eba@nortecquimica.onmicrosoft.com'];[{'from_entity': 'sourceIpAddress:200.222.39.242', 'relationship': 'geolocatedAt', 'to_entity': 'latLon:-22.9201,-43.0811'}, {'from_entity': 'sourceIpAddress:200.222.39.242', 'relationship': 'geolocatedAt', 'to_entity': 'city:3451190'}, {'from_entity': 'sourceIpAddress:200.222.39.242', 'relationship': 'geolocatedAt', 'to_entity': 'country:3469034'}];alert://priv:improbable-logon-detector:138529:1709729361326:e7412437-87ec-548e-814a-cda0b4c7bd59;[{'id': '4d731b31-3761-48e8-b739-d9bcc6e03318'}];0.5;1709729361;app:detect:improbable-logon-detector;0.0.1;ff386ff2-3697-59a9-83e5-c7a1f2929c87;1699366426;app:detect:improbable-logon-detector;0.1;RESEARCH: XDR has detected a successful authentication with rare or previously unobserved properties by sync_ntqsvr06_11f250d03eba@nortecquimica.onmicrosoft.com from 200.222.39.242;['MICROSOFT_OFFICE_MANAGEMENT', 'MICROSOFT_GRAPH_SIGN_IN'];OPEN;False;[];[{'mitre_attack_info': None}]
28;['TA0006'];['city:3451190', 'country:3469034', 'ipAddress:200.222.39.242', 'latLon:-22.9201,-43.0811', 'sensorId:4891bf7a-ad0c-44b6-88ac-904b92b4842e', 'sensorType:MICROSOFT_OFFICE_MANAGEMENT', 'sourceIpAddress:200.222.39.242', 'targetAuthDomainName:nortecquimica.onmicrosoft.com', 'targetUserName:Sync_NTQSVR06_11f250d03eba@nortecquimica.onmicrosoft.com', 'userName:Sync_NTQSVR06_11f250d03eba@nortecquimica.onmicrosoft.com', 'sensorType:MICROSOFT_GRAPH_SIGN_IN', 'targetUserName:sync_ntqsvr06_11f250d03eba@nortecquimica.onmicrosoft.com', 'userName:sync_ntqsvr06_11f250d03eba@nortecquimica.onmicrosoft.com'];[{'from_entity': 'sourceIpAddress:200.222.39.242', 'relationship': 'geolocatedAt', 'to_entity': 'city:3451190'}, {'from_entity': 'sourceIpAddress:200.222.39.242', 'relationship': 'geolocatedAt', 'to_entity': 'country:3469034'}, {'from_entity': 'sourceIpAddress:200.222.39.242', 'relationship': 'geolocatedAt', 'to_entity': 'latLon:-22.9201,-43.0811'}];alert://priv:improbable-logon-detector:138529:1709727440446:66f969c5-154b-5411-8036-56723aba2bc0;[{'id': '4d731b31-3761-48e8-b739-d9bcc6e03318'}];0.5;1709727440;app:detect:improbable-logon-detector;0.0.1;ff386ff2-3697-59a9-83e5-c7a1f2929c87;1699366426;app:detect:improbable-logon-detector;0.1;RESEARCH: XDR has detected a successful authentication with rare or previously unobserved properties by sync_ntqsvr06_11f250d03eba@nortecquimica.onmicrosoft.com from 200.222.39.242;['MICROSOFT_OFFICE_MANAGEMENT', 'MICROSOFT_GRAPH_SIGN_IN'];OPEN;False;[];[{'mitre_attack_info': None}]
29;['TA0006'];['city:3451190', 'country:3469034', 'ipAddress:200.222.39.242', 'latLon:-22.9201,-43.0811', 'sensorId:4891bf7a-ad0c-44b6-88ac-904b92b4842e', 'sensorType:MICROSOFT_GRAPH_SIGN_IN', 'sourceIpAddress:200.222.39.242', 'targetUserName:sync_ntqsvr06_11f250d03eba@nortecquimica.onmicrosoft.com', 'userName:sync_ntqsvr06_11f250d03eba@nortecquimica.onmicrosoft.com', 'sensorType:MICROSOFT_OFFICE_MANAGEMENT', 'targetAuthDomainName:nortecquimica.onmicrosoft.com', 'targetUserName:Sync_NTQSVR06_11f250d03eba@nortecquimica.onmicrosoft.com', 'userName:Sync_NTQSVR06_11f250d03eba@nortecquimica.onmicrosoft.com'];[{'from_entity': 'sourceIpAddress:200.222.39.242', 'relationship': 'geolocatedAt', 'to_entity': 'city:3451190'}, {'from_entity': 'sourceIpAddress:200.222.39.242', 'relationship': 'geolocatedAt', 'to_entity': 'country:3469034'}, {'from_entity': 'sourceIpAddress:200.222.39.242', 'relationship': 'geolocatedAt', 'to_entity': 'latLon:-22.9201,-43.0811'}];alert://priv:improbable-logon-detector:138529:1709725813218:b09f5454-b56b-5fa5-91a7-fad86edd5a64;[{'id': '4d731b31-3761-48e8-b739-d9bcc6e03318'}];0.5;1709725813;app:detect:improbable-logon-detector;0.0.1;ff386ff2-3697-59a9-83e5-c7a1f2929c87;1699366426;app:detect:improbable-logon-detector;0.1;RESEARCH: XDR has detected a successful authentication with rare or previously unobserved properties by sync_ntqsvr06_11f250d03eba@nortecquimica.onmicrosoft.com from 200.222.39.242;['MICROSOFT_GRAPH_SIGN_IN', 'MICROSOFT_OFFICE_MANAGEMENT'];OPEN;False;[];[{'mitre_attack_info': None}]
30;['TA0006'];['city:3451190', 'country:3469034', 'ipAddress:200.222.39.242', 'latLon:-22.9201,-43.0811', 'sensorId:4891bf7a-ad0c-44b6-88ac-904b92b4842e', 'sensorType:MICROSOFT_GRAPH_SIGN_IN', 'sourceIpAddress:200.222.39.242', 'targetUserName:sync_ntqsvr06_11f250d03eba@nortecquimica.onmicrosoft.com', 'userName:sync_ntqsvr06_11f250d03eba@nortecquimica.onmicrosoft.com', 'sensorType:MICROSOFT_OFFICE_MANAGEMENT', 'targetAuthDomainName:nortecquimica.onmicrosoft.com', 'targetUserName:Sync_NTQSVR06_11f250d03eba@nortecquimica.onmicrosoft.com', 'userName:Sync_NTQSVR06_11f250d03eba@nortecquimica.onmicrosoft.com'];[{'from_entity': 'sourceIpAddress:200.222.39.242', 'relationship': 'geolocatedAt', 'to_entity': 'country:3469034'}, {'from_entity': 'sourceIpAddress:200.222.39.242', 'relationship': 'geolocatedAt', 'to_entity': 'latLon:-22.9201,-43.0811'}, {'from_entity': 'sourceIpAddress:200.222.39.242', 'relationship': 'geolocatedAt', 'to_entity': 'city:3451190'}];alert://priv:improbable-logon-detector:138529:1709723963880:c39b0da0-8712-5bf6-a29e-fb42ff157e0e;[{'id': '4d731b31-3761-48e8-b739-d9bcc6e03318'}];0.5;1709723963;app:detect:improbable-logon-detector;0.0.1;ff386ff2-3697-59a9-83e5-c7a1f2929c87;1699366426;app:detect:improbable-logon-detector;0.1;RESEARCH: XDR has detected a successful authentication with rare or previously unobserved properties by sync_ntqsvr06_11f250d03eba@nortecquimica.onmicrosoft.com from 200.222.39.242;['MICROSOFT_GRAPH_SIGN_IN', 'MICROSOFT_OFFICE_MANAGEMENT'];OPEN;False;[];[{'mitre_attack_info': None}]
31;['TA0006'];['city:3451190', 'country:3469034', 'ipAddress:200.222.39.242', 'latLon:-22.9201,-43.0811', 'sensorId:4891bf7a-ad0c-44b6-88ac-904b92b4842e', 'sensorType:MICROSOFT_GRAPH_SIGN_IN', 'sourceIpAddress:200.222.39.242', 'targetUserName:sync_ntqsvr06_11f250d03eba@nortecquimica.onmicrosoft.com', 'userName:sync_ntqsvr06_11f250d03eba@nortecquimica.onmicrosoft.com', 'sensorType:MICROSOFT_OFFICE_MANAGEMENT', 'targetAuthDomainName:nortecquimica.onmicrosoft.com', 'targetUserName:Sync_NTQSVR06_11f250d03eba@nortecquimica.onmicrosoft.com', 'userName:Sync_NTQSVR06_11f250d03eba@nortecquimica.onmicrosoft.com'];[{'from_entity': 'sourceIpAddress:200.222.39.242', 'relationship': 'geolocatedAt', 'to_entity': 'country:3469034'}, {'from_entity': 'sourceIpAddress:200.222.39.242', 'relationship': 'geolocatedAt', 'to_entity': 'latLon:-22.9201,-43.0811'}, {'from_entity': 'sourceIpAddress:200.222.39.242', 'relationship': 'geolocatedAt', 'to_entity': 'city:3451190'}];alert://priv:improbable-logon-detector:138529:1709722098208:ea86c5f2-1606-5af2-b87a-b6b417098f82;[{'id': '4d731b31-3761-48e8-b739-d9bcc6e03318'}];0.5;1709722098;app:detect:improbable-logon-detector;0.0.1;ff386ff2-3697-59a9-83e5-c7a1f2929c87;1699366426;app:detect:improbable-logon-detector;0.1;RESEARCH: XDR has detected a successful authentication with rare or previously unobserved properties by sync_ntqsvr06_11f250d03eba@nortecquimica.onmicrosoft.com from 200.222.39.242;['MICROSOFT_GRAPH_SIGN_IN', 'MICROSOFT_OFFICE_MANAGEMENT'];OPEN;False;[];[{'mitre_attack_info': None}]
32;['TA0006'];['city:3451190', 'country:3469034', 'ipAddress:200.222.39.242', 'latLon:-22.9201,-43.0811', 'sensorId:4891bf7a-ad0c-44b6-88ac-904b92b4842e', 'sensorType:MICROSOFT_GRAPH_SIGN_IN', 'sourceIpAddress:200.222.39.242', 'targetUserName:sync_ntqsvr06_11f250d03eba@nortecquimica.onmicrosoft.com', 'userName:sync_ntqsvr06_11f250d03eba@nortecquimica.onmicrosoft.com', 'sensorType:MICROSOFT_OFFICE_MANAGEMENT', 'targetAuthDomainName:nortecquimica.onmicrosoft.com', 'targetUserName:Sync_NTQSVR06_11f250d03eba@nortecquimica.onmicrosoft.com', 'userName:Sync_NTQSVR06_11f250d03eba@nortecquimica.onmicrosoft.com'];[{'from_entity': 'sourceIpAddress:200.222.39.242', 'relationship': 'geolocatedAt', 'to_entity': 'city:3451190'}, {'from_entity': 'sourceIpAddress:200.222.39.242', 'relationship': 'geolocatedAt', 'to_entity': 'country:3469034'}, {'from_entity': 'sourceIpAddress:200.222.39.242', 'relationship': 'geolocatedAt', 'to_entity': 'latLon:-22.9201,-43.0811'}];alert://priv:improbable-logon-detector:138529:1709720247269:b5eb8fbb-86ae-5de6-b08a-f40d16c161c8;[{'id': '4d731b31-3761-48e8-b739-d9bcc6e03318'}];0.5;1709720247;app:detect:improbable-logon-detector;0.0.1;ff386ff2-3697-59a9-83e5-c7a1f2929c87;1699366426;app:detect:improbable-logon-detector;0.1;RESEARCH: XDR has detected a successful authentication with rare or previously unobserved properties by sync_ntqsvr06_11f250d03eba@nortecquimica.onmicrosoft.com from 200.222.39.242;['MICROSOFT_GRAPH_SIGN_IN', 'MICROSOFT_OFFICE_MANAGEMENT'];OPEN;False;[];[{'mitre_attack_info': None}]
33;['TA0006'];['city:3451190', 'country:3469034', 'ipAddress:200.222.39.242', 'latLon:-22.9201,-43.0811', 'sensorId:4891bf7a-ad0c-44b6-88ac-904b92b4842e', 'sensorType:MICROSOFT_GRAPH_SIGN_IN', 'sourceIpAddress:200.222.39.242', 'targetUserName:sync_ntqsvr06_11f250d03eba@nortecquimica.onmicrosoft.com', 'userName:sync_ntqsvr06_11f250d03eba@nortecquimica.onmicrosoft.com', 'sensorType:MICROSOFT_OFFICE_MANAGEMENT', 'targetAuthDomainName:nortecquimica.onmicrosoft.com', 'targetUserName:Sync_NTQSVR06_11f250d03eba@nortecquimica.onmicrosoft.com', 'userName:Sync_NTQSVR06_11f250d03eba@nortecquimica.onmicrosoft.com'];[{'from_entity': 'sourceIpAddress:200.222.39.242', 'relationship': 'geolocatedAt', 'to_entity': 'city:3451190'}, {'from_entity': 'sourceIpAddress:200.222.39.242', 'relationship': 'geolocatedAt', 'to_entity': 'country:3469034'}, {'from_entity': 'sourceIpAddress:200.222.39.242', 'relationship': 'geolocatedAt', 'to_entity': 'latLon:-22.9201,-43.0811'}];alert://priv:improbable-logon-detector:138529:1709718367163:1087f1e3-789e-5cca-9ffd-2a1bd6788adc;[{'id': '4d731b31-3761-48e8-b739-d9bcc6e03318'}];0.5;1709718367;app:detect:improbable-logon-detector;0.0.1;ff386ff2-3697-59a9-83e5-c7a1f2929c87;1699366426;app:detect:improbable-logon-detector;0.1;RESEARCH: XDR has detected a successful authentication with rare or previously unobserved properties by sync_ntqsvr06_11f250d03eba@nortecquimica.onmicrosoft.com from 200.222.39.242;['MICROSOFT_GRAPH_SIGN_IN', 'MICROSOFT_OFFICE_MANAGEMENT'];OPEN;False;[];[{'mitre_attack_info': None}]
34;['TA0006'];['city:3451190', 'country:3469034', 'ipAddress:200.222.39.242', 'latLon:-22.9201,-43.0811', 'sensorId:4891bf7a-ad0c-44b6-88ac-904b92b4842e', 'sensorType:MICROSOFT_GRAPH_SIGN_IN', 'sourceIpAddress:200.222.39.242', 'targetUserName:sync_ntqsvr06_11f250d03eba@nortecquimica.onmicrosoft.com', 'userName:sync_ntqsvr06_11f250d03eba@nortecquimica.onmicrosoft.com', 'sensorType:MICROSOFT_OFFICE_MANAGEMENT', 'targetAuthDomainName:nortecquimica.onmicrosoft.com', 'targetUserName:Sync_NTQSVR06_11f250d03eba@nortecquimica.onmicrosoft.com', 'userName:Sync_NTQSVR06_11f250d03eba@nortecquimica.onmicrosoft.com'];[{'from_entity': 'sourceIpAddress:200.222.39.242', 'relationship': 'geolocatedAt', 'to_entity': 'city:3451190'}, {'from_entity': 'sourceIpAddress:200.222.39.242', 'relationship': 'geolocatedAt', 'to_entity': 'country:3469034'}, {'from_entity': 'sourceIpAddress:200.222.39.242', 'relationship': 'geolocatedAt', 'to_entity': 'latLon:-22.9201,-43.0811'}];alert://priv:improbable-logon-detector:138529:1709716509767:7045d5c1-2857-54b5-803f-742605a9730e;[{'id': '4d731b31-3761-48e8-b739-d9bcc6e03318'}];0.5;1709716509;app:detect:improbable-logon-detector;0.0.1;ff386ff2-3697-59a9-83e5-c7a1f2929c87;1699366426;app:detect:improbable-logon-detector;0.1;RESEARCH: XDR has detected a successful authentication with rare or previously unobserved properties by sync_ntqsvr06_11f250d03eba@nortecquimica.onmicrosoft.com from 200.222.39.242;['MICROSOFT_GRAPH_SIGN_IN', 'MICROSOFT_OFFICE_MANAGEMENT'];OPEN;False;[];[{'mitre_attack_info': None}]
35;['TA0006'];['city:3451190', 'country:3469034', 'ipAddress:200.222.39.242', 'latLon:-22.9201,-43.0811', 'sensorId:4891bf7a-ad0c-44b6-88ac-904b92b4842e', 'sensorType:MICROSOFT_GRAPH_SIGN_IN', 'sourceIpAddress:200.222.39.242', 'targetUserName:sync_ntqsvr06_11f250d03eba@nortecquimica.onmicrosoft.com', 'userName:sync_ntqsvr06_11f250d03eba@nortecquimica.onmicrosoft.com', 'sensorType:MICROSOFT_OFFICE_MANAGEMENT', 'targetAuthDomainName:nortecquimica.onmicrosoft.com', 'targetUserName:Sync_NTQSVR06_11f250d03eba@nortecquimica.onmicrosoft.com', 'userName:Sync_NTQSVR06_11f250d03eba@nortecquimica.onmicrosoft.com'];[{'from_entity': 'sourceIpAddress:200.222.39.242', 'relationship': 'geolocatedAt', 'to_entity': 'city:3451190'}, {'from_entity': 'sourceIpAddress:200.222.39.242', 'relationship': 'geolocatedAt', 'to_entity': 'country:3469034'}, {'from_entity': 'sourceIpAddress:200.222.39.242', 'relationship': 'geolocatedAt', 'to_entity': 'latLon:-22.9201,-43.0811'}];alert://priv:improbable-logon-detector:138529:1709714687268:ee1a333e-ab71-51ef-bd5a-48f834692e0a;[{'id': '4d731b31-3761-48e8-b739-d9bcc6e03318'}];0.5;1709714687;app:detect:improbable-logon-detector;0.0.1;ff386ff2-3697-59a9-83e5-c7a1f2929c87;1699366426;app:detect:improbable-logon-detector;0.1;RESEARCH: XDR has detected a successful authentication with rare or previously unobserved properties by sync_ntqsvr06_11f250d03eba@nortecquimica.onmicrosoft.com from 200.222.39.242;['MICROSOFT_GRAPH_SIGN_IN', 'MICROSOFT_OFFICE_MANAGEMENT'];OPEN;False;[];[{'mitre_attack_info': None}]
36;['TA0006'];['city:3451190', 'country:3469034', 'ipAddress:200.222.39.242', 'latLon:-22.9201,-43.0811', 'sensorId:4891bf7a-ad0c-44b6-88ac-904b92b4842e', 'sensorType:MICROSOFT_OFFICE_MANAGEMENT', 'sourceIpAddress:200.222.39.242', 'targetAuthDomainName:nortecquimica.onmicrosoft.com', 'targetUserName:Sync_NTQSVR06_11f250d03eba@nortecquimica.onmicrosoft.com', 'userName:Sync_NTQSVR06_11f250d03eba@nortecquimica.onmicrosoft.com', 'sensorType:MICROSOFT_GRAPH_SIGN_IN', 'targetUserName:sync_ntqsvr06_11f250d03eba@nortecquimica.onmicrosoft.com', 'userName:sync_ntqsvr06_11f250d03eba@nortecquimica.onmicrosoft.com'];[{'from_entity': 'sourceIpAddress:200.222.39.242', 'relationship': 'geolocatedAt', 'to_entity': 'city:3451190'}, {'from_entity': 'sourceIpAddress:200.222.39.242', 'relationship': 'geolocatedAt', 'to_entity': 'country:3469034'}, {'from_entity': 'sourceIpAddress:200.222.39.242', 'relationship': 'geolocatedAt', 'to_entity': 'latLon:-22.9201,-43.0811'}];alert://priv:improbable-logon-detector:138529:1709713241282:d18305ff-ebb5-5d03-8d1e-a8dc02e50e15;[{'id': '4d731b31-3761-48e8-b739-d9bcc6e03318'}];0.5;1709713241;app:detect:improbable-logon-detector;0.0.1;ff386ff2-3697-59a9-83e5-c7a1f2929c87;1699366426;app:detect:improbable-logon-detector;0.1;RESEARCH: XDR has detected a successful authentication with rare or previously unobserved properties by sync_ntqsvr06_11f250d03eba@nortecquimica.onmicrosoft.com from 200.222.39.242;['MICROSOFT_OFFICE_MANAGEMENT', 'MICROSOFT_GRAPH_SIGN_IN'];OPEN;False;[];[{'mitre_attack_info': None}]
37;['TA0006'];['city:3451190', 'country:3469034', 'ipAddress:200.222.39.242', 'latLon:-22.9201,-43.0811', 'sensorId:4891bf7a-ad0c-44b6-88ac-904b92b4842e', 'sensorType:MICROSOFT_OFFICE_MANAGEMENT', 'sourceIpAddress:200.222.39.242', 'targetAuthDomainName:nortecquimica.onmicrosoft.com', 'targetUserName:Sync_NTQSVR06_11f250d03eba@nortecquimica.onmicrosoft.com', 'userName:Sync_NTQSVR06_11f250d03eba@nortecquimica.onmicrosoft.com', 'sensorType:MICROSOFT_GRAPH_SIGN_IN', 'targetUserName:sync_ntqsvr06_11f250d03eba@nortecquimica.onmicrosoft.com', 'userName:sync_ntqsvr06_11f250d03eba@nortecquimica.onmicrosoft.com'];[{'from_entity': 'sourceIpAddress:200.222.39.242', 'relationship': 'geolocatedAt', 'to_entity': 'city:3451190'}, {'from_entity': 'sourceIpAddress:200.222.39.242', 'relationship': 'geolocatedAt', 'to_entity': 'country:3469034'}, {'from_entity': 'sourceIpAddress:200.222.39.242', 'relationship': 'geolocatedAt', 'to_entity': 'latLon:-22.9201,-43.0811'}];alert://priv:improbable-logon-detector:138529:1709711406386:165f733c-264a-5d8a-b11c-9e71afd6b446;[{'id': '4d731b31-3761-48e8-b739-d9bcc6e03318'}];0.5;1709711406;app:detect:improbable-logon-detector;0.0.1;ff386ff2-3697-59a9-83e5-c7a1f2929c87;1699366426;app:detect:improbable-logon-detector;0.1;RESEARCH: XDR has detected a successful authentication with rare or previously unobserved properties by sync_ntqsvr06_11f250d03eba@nortecquimica.onmicrosoft.com from 200.222.39.242;['MICROSOFT_OFFICE_MANAGEMENT', 'MICROSOFT_GRAPH_SIGN_IN'];OPEN;False;[];[{'mitre_attack_info': None}]
38;['TA0006'];['city:3451190', 'country:3469034', 'ipAddress:200.222.39.242', 'latLon:-22.9201,-43.0811', 'sensorId:4891bf7a-ad0c-44b6-88ac-904b92b4842e', 'sensorType:MICROSOFT_GRAPH_SIGN_IN', 'sourceIpAddress:200.222.39.242', 'targetUserName:sync_ntqsvr06_11f250d03eba@nortecquimica.onmicrosoft.com', 'userName:sync_ntqsvr06_11f250d03eba@nortecquimica.onmicrosoft.com', 'sensorType:MICROSOFT_OFFICE_MANAGEMENT', 'targetAuthDomainName:nortecquimica.onmicrosoft.com', 'targetUserName:Sync_NTQSVR06_11f250d03eba@nortecquimica.onmicrosoft.com', 'userName:Sync_NTQSVR06_11f250d03eba@nortecquimica.onmicrosoft.com'];[{'from_entity': 'sourceIpAddress:200.222.39.242', 'relationship': 'geolocatedAt', 'to_entity': 'country:3469034'}, {'from_entity': 'sourceIpAddress:200.222.39.242', 'relationship': 'geolocatedAt', 'to_entity': 'latLon:-22.9201,-43.0811'}, {'from_entity': 'sourceIpAddress:200.222.39.242', 'relationship': 'geolocatedAt', 'to_entity': 'city:3451190'}];alert://priv:improbable-logon-detector:138529:1709709621444:1f2d6899-8c6d-5f87-87b4-4dfd59975a76;[{'id': '4d731b31-3761-48e8-b739-d9bcc6e03318'}];0.5;1709709621;app:detect:improbable-logon-detector;0.0.1;ff386ff2-3697-59a9-83e5-c7a1f2929c87;1699366426;app:detect:improbable-logon-detector;0.1;RESEARCH: XDR has detected a successful authentication with rare or previously unobserved properties by sync_ntqsvr06_11f250d03eba@nortecquimica.onmicrosoft.com from 200.222.39.242;['MICROSOFT_GRAPH_SIGN_IN', 'MICROSOFT_OFFICE_MANAGEMENT'];OPEN;False;[];[{'mitre_attack_info': None}]
39;['TA0006'];['city:3451190', 'country:3469034', 'ipAddress:200.222.39.242', 'latLon:-22.9201,-43.0811', 'sensorId:4891bf7a-ad0c-44b6-88ac-904b92b4842e', 'sensorType:MICROSOFT_GRAPH_SIGN_IN', 'sourceIpAddress:200.222.39.242', 'targetUserName:sync_ntqsvr06_11f250d03eba@nortecquimica.onmicrosoft.com', 'userName:sync_ntqsvr06_11f250d03eba@nortecquimica.onmicrosoft.com', 'sensorType:MICROSOFT_OFFICE_MANAGEMENT', 'targetAuthDomainName:nortecquimica.onmicrosoft.com', 'targetUserName:Sync_NTQSVR06_11f250d03eba@nortecquimica.onmicrosoft.com', 'userName:Sync_NTQSVR06_11f250d03eba@nortecquimica.onmicrosoft.com'];[{'from_entity': 'sourceIpAddress:200.222.39.242', 'relationship': 'geolocatedAt', 'to_entity': 'city:3451190'}, {'from_entity': 'sourceIpAddress:200.222.39.242', 'relationship': 'geolocatedAt', 'to_entity': 'country:3469034'}, {'from_entity': 'sourceIpAddress:200.222.39.242', 'relationship': 'geolocatedAt', 'to_entity': 'latLon:-22.9201,-43.0811'}];alert://priv:improbable-logon-detector:138529:1709707731549:54a561db-1365-5981-9318-2d8241da4c35;[{'id': '4d731b31-3761-48e8-b739-d9bcc6e03318'}];0.5;1709707731;app:detect:improbable-logon-detector;0.0.1;ff386ff2-3697-59a9-83e5-c7a1f2929c87;1699366426;app:detect:improbable-logon-detector;0.1;RESEARCH: XDR has detected a successful authentication with rare or previously unobserved properties by sync_ntqsvr06_11f250d03eba@nortecquimica.onmicrosoft.com from 200.222.39.242;['MICROSOFT_GRAPH_SIGN_IN', 'MICROSOFT_OFFICE_MANAGEMENT'];OPEN;False;[];[{'mitre_attack_info': None}]
40;['TA0006'];['city:3451190', 'country:3469034', 'ipAddress:200.222.39.242', 'latLon:-22.9201,-43.0811', 'sensorId:4891bf7a-ad0c-44b6-88ac-904b92b4842e', 'sensorType:MICROSOFT_GRAPH_SIGN_IN', 'sourceIpAddress:200.222.39.242', 'targetUserName:sync_ntqsvr06_11f250d03eba@nortecquimica.onmicrosoft.com', 'userName:sync_ntqsvr06_11f250d03eba@nortecquimica.onmicrosoft.com', 'sensorType:MICROSOFT_OFFICE_MANAGEMENT', 'targetAuthDomainName:nortecquimica.onmicrosoft.com', 'targetUserName:Sync_NTQSVR06_11f250d03eba@nortecquimica.onmicrosoft.com', 'userName:Sync_NTQSVR06_11f250d03eba@nortecquimica.onmicrosoft.com'];[{'from_entity': 'sourceIpAddress:200.222.39.242', 'relationship': 'geolocatedAt', 'to_entity': 'city:3451190'}, {'from_entity': 'sourceIpAddress:200.222.39.242', 'relationship': 'geolocatedAt', 'to_entity': 'country:3469034'}, {'from_entity': 'sourceIpAddress:200.222.39.242', 'relationship': 'geolocatedAt', 'to_entity': 'latLon:-22.9201,-43.0811'}];alert://priv:improbable-logon-detector:138529:1709705853136:71d830ab-8685-56d9-8d83-60e871528522;[{'id': '4d731b31-3761-48e8-b739-d9bcc6e03318'}];0.5;1709705853;app:detect:improbable-logon-detector;0.0.1;ff386ff2-3697-59a9-83e5-c7a1f2929c87;1699366426;app:detect:improbable-logon-detector;0.1;RESEARCH: XDR has detected a successful authentication with rare or previously unobserved properties by sync_ntqsvr06_11f250d03eba@nortecquimica.onmicrosoft.com from 200.222.39.242;['MICROSOFT_GRAPH_SIGN_IN', 'MICROSOFT_OFFICE_MANAGEMENT'];OPEN;False;[];[{'mitre_attack_info': None}]
41;['TA0006'];['city:3451190', 'country:3469034', 'ipAddress:200.222.39.242', 'latLon:-22.9201,-43.0811', 'sensorId:4891bf7a-ad0c-44b6-88ac-904b92b4842e', 'sensorType:MICROSOFT_GRAPH_SIGN_IN', 'sourceIpAddress:200.222.39.242', 'targetUserName:sync_ntqsvr06_11f250d03eba@nortecquimica.onmicrosoft.com', 'userName:sync_ntqsvr06_11f250d03eba@nortecquimica.onmicrosoft.com', 'sensorType:MICROSOFT_OFFICE_MANAGEMENT', 'targetAuthDomainName:nortecquimica.onmicrosoft.com', 'targetUserName:Sync_NTQSVR06_11f250d03eba@nortecquimica.onmicrosoft.com', 'userName:Sync_NTQSVR06_11f250d03eba@nortecquimica.onmicrosoft.com'];[{'from_entity': 'sourceIpAddress:200.222.39.242', 'relationship': 'geolocatedAt', 'to_entity': 'city:3451190'}, {'from_entity': 'sourceIpAddress:200.222.39.242', 'relationship': 'geolocatedAt', 'to_entity': 'country:3469034'}, {'from_entity': 'sourceIpAddress:200.222.39.242', 'relationship': 'geolocatedAt', 'to_entity': 'latLon:-22.9201,-43.0811'}];alert://priv:improbable-logon-detector:138529:1709703947214:149a0da6-2dcc-5ca5-8d4d-1f60a1cb4566;[{'id': '4d731b31-3761-48e8-b739-d9bcc6e03318'}];0.5;1709703947;app:detect:improbable-logon-detector;0.0.1;ff386ff2-3697-59a9-83e5-c7a1f2929c87;1699366426;app:detect:improbable-logon-detector;0.1;RESEARCH: XDR has detected a successful authentication with rare or previously unobserved properties by sync_ntqsvr06_11f250d03eba@nortecquimica.onmicrosoft.com from 200.222.39.242;['MICROSOFT_GRAPH_SIGN_IN', 'MICROSOFT_OFFICE_MANAGEMENT'];OPEN;False;[];[{'mitre_attack_info': None}]
42;['TA0006'];['city:3451190', 'country:3469034', 'ipAddress:200.222.39.242', 'latLon:-22.9201,-43.0811', 'sensorId:4891bf7a-ad0c-44b6-88ac-904b92b4842e', 'sensorType:MICROSOFT_GRAPH_SIGN_IN', 'sourceIpAddress:200.222.39.242', 'targetUserName:sync_ntqsvr06_11f250d03eba@nortecquimica.onmicrosoft.com', 'userName:sync_ntqsvr06_11f250d03eba@nortecquimica.onmicrosoft.com', 'sensorType:MICROSOFT_OFFICE_MANAGEMENT', 'targetAuthDomainName:nortecquimica.onmicrosoft.com', 'targetUserName:Sync_NTQSVR06_11f250d03eba@nortecquimica.onmicrosoft.com', 'userName:Sync_NTQSVR06_11f250d03eba@nortecquimica.onmicrosoft.com'];[{'from_entity': 'sourceIpAddress:200.222.39.242', 'relationship': 'geolocatedAt', 'to_entity': 'city:3451190'}, {'from_entity': 'sourceIpAddress:200.222.39.242', 'relationship': 'geolocatedAt', 'to_entity': 'country:3469034'}, {'from_entity': 'sourceIpAddress:200.222.39.242', 'relationship': 'geolocatedAt', 'to_entity': 'latLon:-22.9201,-43.0811'}];alert://priv:improbable-logon-detector:138529:1709702092726:a6e67217-5b11-5f7b-a0d2-7cd8cdade4d1;[{'id': '4d731b31-3761-48e8-b739-d9bcc6e03318'}];0.5;1709702092;app:detect:improbable-logon-detector;0.0.1;ff386ff2-3697-59a9-83e5-c7a1f2929c87;1699366426;app:detect:improbable-logon-detector;0.1;RESEARCH: XDR has detected a successful authentication with rare or previously unobserved properties by sync_ntqsvr06_11f250d03eba@nortecquimica.onmicrosoft.com from 200.222.39.242;['MICROSOFT_GRAPH_SIGN_IN', 'MICROSOFT_OFFICE_MANAGEMENT'];OPEN;False;[];[{'mitre_attack_info': None}]
43;['TA0006'];['city:3451190', 'country:3469034', 'ipAddress:200.222.39.242', 'latLon:-22.9201,-43.0811', 'sensorId:4891bf7a-ad0c-44b6-88ac-904b92b4842e', 'sensorType:MICROSOFT_GRAPH_SIGN_IN', 'sourceIpAddress:200.222.39.242', 'targetUserName:sync_ntqsvr06_11f250d03eba@nortecquimica.onmicrosoft.com', 'userName:sync_ntqsvr06_11f250d03eba@nortecquimica.onmicrosoft.com', 'sensorType:MICROSOFT_OFFICE_MANAGEMENT', 'targetAuthDomainName:nortecquimica.onmicrosoft.com', 'targetUserName:Sync_NTQSVR06_11f250d03eba@nortecquimica.onmicrosoft.com', 'userName:Sync_NTQSVR06_11f250d03eba@nortecquimica.onmicrosoft.com'];[{'from_entity': 'sourceIpAddress:200.222.39.242', 'relationship': 'geolocatedAt', 'to_entity': 'city:3451190'}, {'from_entity': 'sourceIpAddress:200.222.39.242', 'relationship': 'geolocatedAt', 'to_entity': 'country:3469034'}, {'from_entity': 'sourceIpAddress:200.222.39.242', 'relationship': 'geolocatedAt', 'to_entity': 'latLon:-22.9201,-43.0811'}];alert://priv:improbable-logon-detector:138529:1709700835922:78262a7a-1015-5633-9be3-1039ed3082cf;[{'id': '4d731b31-3761-48e8-b739-d9bcc6e03318'}];0.5;1709700835;app:detect:improbable-logon-detector;0.0.1;ff386ff2-3697-59a9-83e5-c7a1f2929c87;1699366426;app:detect:improbable-logon-detector;0.1;RESEARCH: XDR has detected a successful authentication with rare or previously unobserved properties by sync_ntqsvr06_11f250d03eba@nortecquimica.onmicrosoft.com from 200.222.39.242;['MICROSOFT_GRAPH_SIGN_IN', 'MICROSOFT_OFFICE_MANAGEMENT'];OPEN;False;[];[{'mitre_attack_info': None}]
44;['TA0006'];['city:3451190', 'country:3469034', 'ipAddress:200.222.39.242', 'latLon:-22.9201,-43.0811', 'sensorId:4891bf7a-ad0c-44b6-88ac-904b92b4842e', 'sensorType:MICROSOFT_GRAPH_SIGN_IN', 'sourceIpAddress:200.222.39.242', 'targetUserName:sync_ntqsvr06_11f250d03eba@nortecquimica.onmicrosoft.com', 'userName:sync_ntqsvr06_11f250d03eba@nortecquimica.onmicrosoft.com', 'sensorType:MICROSOFT_OFFICE_MANAGEMENT', 'targetAuthDomainName:nortecquimica.onmicrosoft.com', 'targetUserName:Sync_NTQSVR06_11f250d03eba@nortecquimica.onmicrosoft.com', 'userName:Sync_NTQSVR06_11f250d03eba@nortecquimica.onmicrosoft.com'];[{'from_entity': 'sourceIpAddress:200.222.39.242', 'relationship': 'geolocatedAt', 'to_entity': 'city:3451190'}, {'from_entity': 'sourceIpAddress:200.222.39.242', 'relationship': 'geolocatedAt', 'to_entity': 'country:3469034'}, {'from_entity': 'sourceIpAddress:200.222.39.242', 'relationship': 'geolocatedAt', 'to_entity': 'latLon:-22.9201,-43.0811'}];alert://priv:improbable-logon-detector:138529:1709698938962:c624a4f9-71c6-5a27-96d3-ec86ea4af899;[{'id': '4d731b31-3761-48e8-b739-d9bcc6e03318'}];0.5;1709698938;app:detect:improbable-logon-detector;0.0.1;ff386ff2-3697-59a9-83e5-c7a1f2929c87;1699366426;app:detect:improbable-logon-detector;0.1;RESEARCH: XDR has detected a successful authentication with rare or previously unobserved properties by sync_ntqsvr06_11f250d03eba@nortecquimica.onmicrosoft.com from 200.222.39.242;['MICROSOFT_GRAPH_SIGN_IN', 'MICROSOFT_OFFICE_MANAGEMENT'];OPEN;False;[];[{'mitre_attack_info': None}]
45;['TA0006'];['city:3451190', 'country:3469034', 'ipAddress:200.222.39.242', 'latLon:-22.9201,-43.0811', 'sensorId:4891bf7a-ad0c-44b6-88ac-904b92b4842e', 'sensorType:MICROSOFT_OFFICE_MANAGEMENT', 'sourceIpAddress:200.222.39.242', 'targetAuthDomainName:nortecquimica.onmicrosoft.com', 'targetUserName:Sync_NTQSVR06_11f250d03eba@nortecquimica.onmicrosoft.com', 'userName:Sync_NTQSVR06_11f250d03eba@nortecquimica.onmicrosoft.com', 'sensorType:MICROSOFT_GRAPH_SIGN_IN', 'targetUserName:sync_ntqsvr06_11f250d03eba@nortecquimica.onmicrosoft.com', 'userName:sync_ntqsvr06_11f250d03eba@nortecquimica.onmicrosoft.com'];[{'from_entity': 'sourceIpAddress:200.222.39.242', 'relationship': 'geolocatedAt', 'to_entity': 'city:3451190'}, {'from_entity': 'sourceIpAddress:200.222.39.242', 'relationship': 'geolocatedAt', 'to_entity': 'country:3469034'}, {'from_entity': 'sourceIpAddress:200.222.39.242', 'relationship': 'geolocatedAt', 'to_entity': 'latLon:-22.9201,-43.0811'}];alert://priv:improbable-logon-detector:138529:1709697000573:bbe00a2f-6d75-5bbd-a5dd-a3a4d5556ca9;[{'id': '4d731b31-3761-48e8-b739-d9bcc6e03318'}];0.5;1709697000;app:detect:improbable-logon-detector;0.0.1;ff386ff2-3697-59a9-83e5-c7a1f2929c87;1699366426;app:detect:improbable-logon-detector;0.1;RESEARCH: XDR has detected a successful authentication with rare or previously unobserved properties by sync_ntqsvr06_11f250d03eba@nortecquimica.onmicrosoft.com from 200.222.39.242;['MICROSOFT_OFFICE_MANAGEMENT', 'MICROSOFT_GRAPH_SIGN_IN'];OPEN;False;[];[{'mitre_attack_info': None}]
46;['TA0006'];['city:3451190', 'country:3469034', 'ipAddress:200.222.39.242', 'latLon:-22.9201,-43.0811', 'sensorId:4891bf7a-ad0c-44b6-88ac-904b92b4842e', 'sensorType:MICROSOFT_OFFICE_MANAGEMENT', 'sourceIpAddress:200.222.39.242', 'targetAuthDomainName:nortecquimica.onmicrosoft.com', 'targetUserName:Sync_NTQSVR06_11f250d03eba@nortecquimica.onmicrosoft.com', 'userName:Sync_NTQSVR06_11f250d03eba@nortecquimica.onmicrosoft.com', 'sensorType:MICROSOFT_GRAPH_SIGN_IN', 'targetUserName:sync_ntqsvr06_11f250d03eba@nortecquimica.onmicrosoft.com', 'userName:sync_ntqsvr06_11f250d03eba@nortecquimica.onmicrosoft.com'];[{'from_entity': 'sourceIpAddress:200.222.39.242', 'relationship': 'geolocatedAt', 'to_entity': 'country:3469034'}, {'from_entity': 'sourceIpAddress:200.222.39.242', 'relationship': 'geolocatedAt', 'to_entity': 'latLon:-22.9201,-43.0811'}, {'from_entity': 'sourceIpAddress:200.222.39.242', 'relationship': 'geolocatedAt', 'to_entity': 'city:3451190'}];alert://priv:improbable-logon-detector:138529:1709695120758:27fb6d88-f08d-5616-a3f3-9657ac1ebc48;[{'id': '4d731b31-3761-48e8-b739-d9bcc6e03318'}];0.5;1709695120;app:detect:improbable-logon-detector;0.0.1;ff386ff2-3697-59a9-83e5-c7a1f2929c87;1699366426;app:detect:improbable-logon-detector;0.1;RESEARCH: XDR has detected a successful authentication with rare or previously unobserved properties by sync_ntqsvr06_11f250d03eba@nortecquimica.onmicrosoft.com from 200.222.39.242;['MICROSOFT_OFFICE_MANAGEMENT', 'MICROSOFT_GRAPH_SIGN_IN'];OPEN;False;[];[{'mitre_attack_info': None}]
47;['TA0006'];['city:3451190', 'country:3469034', 'ipAddress:200.222.39.242', 'latLon:-22.9201,-43.0811', 'sensorId:4891bf7a-ad0c-44b6-88ac-904b92b4842e', 'sensorType:MICROSOFT_GRAPH_SIGN_IN', 'sourceIpAddress:200.222.39.242', 'targetUserName:sync_ntqsvr06_11f250d03eba@nortecquimica.onmicrosoft.com', 'userName:sync_ntqsvr06_11f250d03eba@nortecquimica.onmicrosoft.com', 'sensorType:MICROSOFT_OFFICE_MANAGEMENT', 'targetAuthDomainName:nortecquimica.onmicrosoft.com', 'targetUserName:Sync_NTQSVR06_11f250d03eba@nortecquimica.onmicrosoft.com', 'userName:Sync_NTQSVR06_11f250d03eba@nortecquimica.onmicrosoft.com'];[{'from_entity': 'sourceIpAddress:200.222.39.242', 'relationship': 'geolocatedAt', 'to_entity': 'city:3451190'}, {'from_entity': 'sourceIpAddress:200.222.39.242', 'relationship': 'geolocatedAt', 'to_entity': 'country:3469034'}, {'from_entity': 'sourceIpAddress:200.222.39.242', 'relationship': 'geolocatedAt', 'to_entity': 'latLon:-22.9201,-43.0811'}];alert://priv:improbable-logon-detector:138529:1709693400072:91103346-c021-5337-b20d-ad779cf2f1ed;[{'id': '4d731b31-3761-48e8-b739-d9bcc6e03318'}];0.5;1709693400;app:detect:improbable-logon-detector;0.0.1;ff386ff2-3697-59a9-83e5-c7a1f2929c87;1699366426;app:detect:improbable-logon-detector;0.1;RESEARCH: XDR has detected a successful authentication with rare or previously unobserved properties by sync_ntqsvr06_11f250d03eba@nortecquimica.onmicrosoft.com from 200.222.39.242;['MICROSOFT_GRAPH_SIGN_IN', 'MICROSOFT_OFFICE_MANAGEMENT'];OPEN;False;[];[{'mitre_attack_info': None}]
48;['TA0006'];['city:3451190', 'country:3469034', 'ipAddress:200.222.39.242', 'latLon:-22.9201,-43.0811', 'sensorId:4891bf7a-ad0c-44b6-88ac-904b92b4842e', 'sensorType:MICROSOFT_GRAPH_SIGN_IN', 'sourceIpAddress:200.222.39.242', 'targetUserName:sync_ntqsvr06_11f250d03eba@nortecquimica.onmicrosoft.com', 'userName:sync_ntqsvr06_11f250d03eba@nortecquimica.onmicrosoft.com', 'sensorType:MICROSOFT_OFFICE_MANAGEMENT', 'targetAuthDomainName:nortecquimica.onmicrosoft.com', 'targetUserName:Sync_NTQSVR06_11f250d03eba@nortecquimica.onmicrosoft.com', 'userName:Sync_NTQSVR06_11f250d03eba@nortecquimica.onmicrosoft.com'];[{'from_entity': 'sourceIpAddress:200.222.39.242', 'relationship': 'geolocatedAt', 'to_entity': 'city:3451190'}, {'from_entity': 'sourceIpAddress:200.222.39.242', 'relationship': 'geolocatedAt', 'to_entity': 'country:3469034'}, {'from_entity': 'sourceIpAddress:200.222.39.242', 'relationship': 'geolocatedAt', 'to_entity': 'latLon:-22.9201,-43.0811'}];alert://priv:improbable-logon-detector:138529:1709691571813:2a51c46c-2560-5d79-a08d-3c4e3faaa38c;[{'id': '4d731b31-3761-48e8-b739-d9bcc6e03318'}];0.5;1709691571;app:detect:improbable-logon-detector;0.0.1;ff386ff2-3697-59a9-83e5-c7a1f2929c87;1699366426;app:detect:improbable-logon-detector;0.1;RESEARCH: XDR has detected a successful authentication with rare or previously unobserved properties by sync_ntqsvr06_11f250d03eba@nortecquimica.onmicrosoft.com from 200.222.39.242;['MICROSOFT_GRAPH_SIGN_IN', 'MICROSOFT_OFFICE_MANAGEMENT'];OPEN;False;[];[{'mitre_attack_info': None}]
49;['T1027', 'T1048.003', 'T1059.001', 'T1070.006', 'T1083', 'T1119'];['hostId:3bd17df25d97372a5d42b22b81a84162', 'hostName:NTQSVR12', 'hostNameAndHostId:NTQSVR12:3bd17df25d97372a5d42b22b81a84162', 'programName:powershell', 'scriptSha1:69bc6ee61a020057d7e9115996d89febef0e5c02', 'sensorHostId:3bd17df25d97372a5d42b22b81a84162', 'sensorId:3bd17df25d97372a5d42b22b81a84162', 'sensorType:ENDPOINT_REDCLOAK'];[{'from_entity': 'hostName:NTQSVR12', 'relationship': 'is', 'to_entity': 'sensorHostId:3bd17df25d97372a5d42b22b81a84162'}, {'from_entity': 'programName:powershell', 'relationship': 'executes', 'to_entity': 'scriptSha1:69bc6ee61a020057d7e9115996d89febef0e5c02'}, {'from_entity': 'scriptSha1:69bc6ee61a020057d7e9115996d89febef0e5c02', 'relationship': 'executedOn', 'to_entity': 'sensorHostId:3bd17df25d97372a5d42b22b81a84162'}];alert://priv:event-filter:138529:1709690561766:19b73d5a-0a4c-54e1-9eab-af6cc63c206d;None;0;1709690561;app:event-filter;v0.33.95;af678dc0-e810-4234-a32a-eb5f6bae5133;sha1=d1caee9b8ee79c7839a01958852482820073d8f4-1683909554;app:event-filter;0;RESEARCH: PowerShell Timestomping Script (script block);['ENDPOINT_REDCLOAK'];OPEN;False;None;[{'mitre_attack_info': {'tactics': ['defense-evasion'], 'technique_id': 'T1027'}}, {'mitre_attack_info': {'tactics': ['exfiltration'], 'technique_id': 'T1048.003'}}, {'mitre_attack_info': {'tactics': ['execution'], 'technique_id': 'T1059.001'}}, {'mitre_attack_info': {'tactics': ['defense-evasion'], 'technique_id': 'T1070.006'}}, {'mitre_attack_info': {'tactics': ['discovery'], 'technique_id': 'T1083'}}, {'mitre_attack_info': {'tactics': ['collection'], 'technique_id': 'T1119'}}]
50;['TA0006'];['city:3451190', 'country:3469034', 'ipAddress:200.222.39.242', 'latLon:-22.9201,-43.0811', 'sensorId:4891bf7a-ad0c-44b6-88ac-904b92b4842e', 'sensorType:MICROSOFT_GRAPH_SIGN_IN', 'sourceIpAddress:200.222.39.242', 'targetUserName:sync_ntqsvr06_11f250d03eba@nortecquimica.onmicrosoft.com', 'userName:sync_ntqsvr06_11f250d03eba@nortecquimica.onmicrosoft.com', 'sensorType:MICROSOFT_OFFICE_MANAGEMENT', 'targetAuthDomainName:nortecquimica.onmicrosoft.com', 'targetUserName:Sync_NTQSVR06_11f250d03eba@nortecquimica.onmicrosoft.com', 'userName:Sync_NTQSVR06_11f250d03eba@nortecquimica.onmicrosoft.com'];[{'from_entity': 'sourceIpAddress:200.222.39.242', 'relationship': 'geolocatedAt', 'to_entity': 'latLon:-22.9201,-43.0811'}, {'from_entity': 'sourceIpAddress:200.222.39.242', 'relationship': 'geolocatedAt', 'to_entity': 'city:3451190'}, {'from_entity': 'sourceIpAddress:200.222.39.242', 'relationship': 'geolocatedAt', 'to_entity': 'country:3469034'}];alert://priv:improbable-logon-detector:138529:1709689541946:8dd71a5e-448f-50b3-9d23-06bc58e5fbbc;[{'id': '4d731b31-3761-48e8-b739-d9bcc6e03318'}];0.5;1709689541;app:detect:improbable-logon-detector;0.0.1;ff386ff2-3697-59a9-83e5-c7a1f2929c87;1699366426;app:detect:improbable-logon-detector;0.1;RESEARCH: XDR has detected a successful authentication with rare or previously unobserved properties by sync_ntqsvr06_11f250d03eba@nortecquimica.onmicrosoft.com from 200.222.39.242;['MICROSOFT_GRAPH_SIGN_IN', 'MICROSOFT_OFFICE_MANAGEMENT'];OPEN;False;[];[{'mitre_attack_info': None}]
51;['TA0006'];['city:3451190', 'country:3469034', 'ipAddress:200.222.39.242', 'latLon:-22.9201,-43.0811', 'sensorId:4891bf7a-ad0c-44b6-88ac-904b92b4842e', 'sensorType:MICROSOFT_OFFICE_MANAGEMENT', 'sourceIpAddress:200.222.39.242', 'targetAuthDomainName:nortecquimica.onmicrosoft.com', 'targetUserName:Sync_NTQSVR06_11f250d03eba@nortecquimica.onmicrosoft.com', 'userName:Sync_NTQSVR06_11f250d03eba@nortecquimica.onmicrosoft.com', 'sensorType:MICROSOFT_GRAPH_SIGN_IN', 'targetUserName:sync_ntqsvr06_11f250d03eba@nortecquimica.onmicrosoft.com', 'userName:sync_ntqsvr06_11f250d03eba@nortecquimica.onmicrosoft.com'];[{'from_entity': 'sourceIpAddress:200.222.39.242', 'relationship': 'geolocatedAt', 'to_entity': 'city:3451190'}, {'from_entity': 'sourceIpAddress:200.222.39.242', 'relationship': 'geolocatedAt', 'to_entity': 'country:3469034'}, {'from_entity': 'sourceIpAddress:200.222.39.242', 'relationship': 'geolocatedAt', 'to_entity': 'latLon:-22.9201,-43.0811'}];alert://priv:improbable-logon-detector:138529:1709688052342:8c2fe833-5b85-5578-9d20-f443cb868267;[{'id': '4d731b31-3761-48e8-b739-d9bcc6e03318'}];0.5;1709688052;app:detect:improbable-logon-detector;0.0.1;ff386ff2-3697-59a9-83e5-c7a1f2929c87;1699366426;app:detect:improbable-logon-detector;0.1;RESEARCH: XDR has detected a successful authentication with rare or previously unobserved properties by sync_ntqsvr06_11f250d03eba@nortecquimica.onmicrosoft.com from 200.222.39.242;['MICROSOFT_OFFICE_MANAGEMENT', 'MICROSOFT_GRAPH_SIGN_IN'];OPEN;False;[];[{'mitre_attack_info': None}]
52;['TA0006'];['city:3451190', 'country:3469034', 'ipAddress:200.222.39.242', 'latLon:-22.9201,-43.0811', 'sensorId:4891bf7a-ad0c-44b6-88ac-904b92b4842e', 'sensorType:MICROSOFT_GRAPH_SIGN_IN', 'sourceIpAddress:200.222.39.242', 'targetUserName:sync_ntqsvr06_11f250d03eba@nortecquimica.onmicrosoft.com', 'userName:sync_ntqsvr06_11f250d03eba@nortecquimica.onmicrosoft.com', 'sensorType:MICROSOFT_OFFICE_MANAGEMENT', 'targetAuthDomainName:nortecquimica.onmicrosoft.com', 'targetUserName:Sync_NTQSVR06_11f250d03eba@nortecquimica.onmicrosoft.com', 'userName:Sync_NTQSVR06_11f250d03eba@nortecquimica.onmicrosoft.com'];[{'from_entity': 'sourceIpAddress:200.222.39.242', 'relationship': 'geolocatedAt', 'to_entity': 'latLon:-22.9201,-43.0811'}, {'from_entity': 'sourceIpAddress:200.222.39.242', 'relationship': 'geolocatedAt', 'to_entity': 'city:3451190'}, {'from_entity': 'sourceIpAddress:200.222.39.242', 'relationship': 'geolocatedAt', 'to_entity': 'country:3469034'}];alert://priv:improbable-logon-detector:138529:1709686169662:fe28c91f-1b68-5fc3-8de2-9718f8e71b54;[{'id': '4d731b31-3761-48e8-b739-d9bcc6e03318'}];0.5;1709686169;app:detect:improbable-logon-detector;0.0.1;ff386ff2-3697-59a9-83e5-c7a1f2929c87;1699366426;app:detect:improbable-logon-detector;0.1;RESEARCH: XDR has detected a successful authentication with rare or previously unobserved properties by sync_ntqsvr06_11f250d03eba@nortecquimica.onmicrosoft.com from 200.222.39.242;['MICROSOFT_GRAPH_SIGN_IN', 'MICROSOFT_OFFICE_MANAGEMENT'];OPEN;False;[];[{'mitre_attack_info': None}]
53;['TA0006'];['city:3451190', 'country:3469034', 'ipAddress:200.222.39.242', 'latLon:-22.9201,-43.0811', 'sensorId:4891bf7a-ad0c-44b6-88ac-904b92b4842e', 'sensorType:MICROSOFT_GRAPH_SIGN_IN', 'sourceIpAddress:200.222.39.242', 'targetUserName:sync_ntqsvr06_11f250d03eba@nortecquimica.onmicrosoft.com', 'userName:sync_ntqsvr06_11f250d03eba@nortecquimica.onmicrosoft.com', 'sensorType:MICROSOFT_OFFICE_MANAGEMENT', 'targetAuthDomainName:nortecquimica.onmicrosoft.com', 'targetUserName:Sync_NTQSVR06_11f250d03eba@nortecquimica.onmicrosoft.com', 'userName:Sync_NTQSVR06_11f250d03eba@nortecquimica.onmicrosoft.com'];[{'from_entity': 'sourceIpAddress:200.222.39.242', 'relationship': 'geolocatedAt', 'to_entity': 'city:3451190'}, {'from_entity': 'sourceIpAddress:200.222.39.242', 'relationship': 'geolocatedAt', 'to_entity': 'country:3469034'}, {'from_entity': 'sourceIpAddress:200.222.39.242', 'relationship': 'geolocatedAt', 'to_entity': 'latLon:-22.9201,-43.0811'}];alert://priv:improbable-logon-detector:138529:1709684037285:8185b878-2271-5143-bc3e-ae21e128e110;[{'id': '4d731b31-3761-48e8-b739-d9bcc6e03318'}];0.5;1709684037;app:detect:improbable-logon-detector;0.0.1;ff386ff2-3697-59a9-83e5-c7a1f2929c87;1699366426;app:detect:improbable-logon-detector;0.1;RESEARCH: XDR has detected a successful authentication with rare or previously unobserved properties by sync_ntqsvr06_11f250d03eba@nortecquimica.onmicrosoft.com from 200.222.39.242;['MICROSOFT_GRAPH_SIGN_IN', 'MICROSOFT_OFFICE_MANAGEMENT'];OPEN;False;[];[{'mitre_attack_info': None}]